Workbook

Sheet RAW_DATA
A1: Record_ID | B1: Full_Name | C1: Email | D1: Phone | E1: Company | F1: Country | G1: Lead_Source | H1: Service_Interest | I1: Lead_Status | J1: Estimated_Value_USD | K1: Created_Date | L1: Last_Contact_Date | M1: Notes
A2: ALM-0001 | B2: Alejandro Navarro | C2: alejandro.navarro94@company.com | D2: 201539268 | E2: Apex Studio | F2: CHILE | G2: Organic Search | H2: Document Processing | I2: Contacted | K2: 46111 | L2: 46153 | M2: Follow up next week
A3: ALM-0002 | B3: Valeria Rivera | C3: valeria.rivera98@outlook.com | D3: +1-5585000486 | E3: Green Studio | F3: United States | G3: Website | H3: Workflow Automation | I3: New | J3: 1200 | K3: 46263 | L3: 46304 | M3: Needs pricing
A4: ALM-0003 | B4: Carlos Navarro | C4: carlos.navarro11@mail.com | D4: +503 23813586 | E4: Momentum Services | F4: El Salvador | G4: Referral | H4: AI Voice Agent | I4: New | J4: 500 | K4: 46101
A5: ALM-0004 | B5: María González | C5: maria.gonzalez3@outlook.com | D5: +54 8433709892 | E5: Sol Partners | F5: ARGENTINA | G5: Website | H5: AI Voice Agent | I5: Lost | J5: 1500 | K5: 46215 | L5: 46244 | M5: Follow up next week
A6: ALM-0005 | B6: Carolina Navarro | C6: carolina.navarro41@gmail.com | D6: +51 696 199 746 | E6: Bright Partners | F6: peru | G6: Referral | H6: AI Voice Agent | I6: Won | J6: 350 | K6: 46174 | L6: 46191 | M6: Interested in automation
A7: ALM-0006 | B7: Paula Díaz | C7: paula.diaz25@outlook.com | D7: +56 510972174 | E7: Digital Studio | F7: chile | G7: Facebook | H7: AI Voice Agent | I7: Won | J7: 500 | K7: 46245 | L7: 46255 | M7: Follow up next week
A8: ALM-0007 | B8: María Rivera | C8: maria.rivera61@outlook.com | D8: +1 2474157676 | E8: CLOUD SOLUTIONS | F8: U.S.A. | G8: Instagram | H8: Data Automation | I8: Proposal Sent | J8: 500 | K8: 46052 | L8: 46087 | M8: Requested demo
A9: ALM-0008 | B9: PATRICIA MARTÍNEZ | C9: patricia.martinez26@gmail.com | D9: +503 09369254 | E9: Vision Solutions | F9: El Salvador | G9: Website | H9: Document Processing | I9: Contacted | J9: 1200 | K9: 46232 | L9: 46254
A10: ALM-0009 | B10: Miguel Rodríguez | C10: miguel.rodriguez72@outlook.com | D10: +503 70533950 | E10: Nova Commerce | F10: el salvador | G10: Organic Search | H10: Document Processing | I10: Contacted | J10: 1500 | K10: 46095 | L10: 46129 | M10: Requested demo
A11: ALM-0010 | B11: Manuel López | C11: manuel.lopez9@outlook.com | D11: 2859040010 | E11: Momentum Studio | F11: ARGENTINA | G11: Website | H11: Data Automation | I11: Proposal Sent | J11: 350 | K11: 46180 | L11: 46181 | M11: Needs pricing
A12: ALM-0011 | B12: Patricia Pérez | C12: patricia.perez5@outlook.com | D12: +34-105504239 | E12: Nexo Group | F12: spain | G12: Website | H12: Workflow Automation | I12: Proposal Sent | J12: 1200 | K12: 46160 | M12: Interested in automation
A13: ALM-0012 | B13: Andrés Martínez | C13: andres.martinez22@mail.com | D13: +54-2437252546 | E13: Apex Services | F13: ARGENTINA | G13: LinkedIn | H13: Document Processing | I13: Lost | J13: 900 | K13: 46179 | L13: 46199 | M13: Send proposal
A14: ALM-0013 | B14: natalia ortiz | C14: natalia.ortiz66@gmail.com | D14: +54-2332522808 | E14: Sol Solutions | F14: ARGENTINA | G14: LinkedIn | H14: Data Automation | I14: Won | J14: 350 | K14: 46051 | L14: 46051 | M14: Send proposal
A15: ALM-0014 | B15: Camila Torres | C15: camila.torres47@company.com | F15: spain | G15: Website | H15: Workflow Automation | I15: Proposal Sent | J15: 1500 | K15: 46030 | L15: 46043 | M15: Follow up next week
A16: ALM-0015 | B16: Sergio Ortiz | C16: sergio.ortiz49@company.com | D16: +1-8301135501 | E16: Vision Partners | F16: United States | G16: Website | H16: Document Processing | I16: New | J16: 2500 | K16: 46070 | L16: 46081 | M16: Requested demo
A17: ALM-0016 | B17: Javier Díaz | C17: javier.diaz69@gmail.com | D17: 425439667 | E17: Nova Partners | F17: PERU | G17: Organic Search | H17: Document Processing | I17: Lost | J17: 350 | K17: 46137 | L17: 46175 | M17: Follow up next week
A18: ALM-0017 | B18: Javier Martínez | C18: javier.martinez59@mail.com | D18: 2133177044 | E18: Apex Solutions | F18: Argentina | G18: Facebook | H18: Document Processing | I18: Qualified | J18: 2000 | K18: 46045 | L18: 46079 | M18: Requested demo
A19: ALM-0018 | B19: Isabel Gómez | C19: isabel.gomez32@mail.com | D19: 825136069 | E19: Apex Consulting | F19: Perú | G19: Website | H19: Document Processing | I19: Lost | J19: 4500 | K19: 46245 | L19: 46255 | M19: Send proposal
A20: ALM-0019 | B20: Luis Rodríguez | C20: luis.rodriguez98@gmail.com | D20: +51 380 353 771 | E20: Atlas Consulting | F20: PERU | G20: Referral | H20: Data Automation | I20: New | J20: 3000 | K20: 46037 | L20: 46053 | M20: Needs pricing
A21: ALM-0020 | B21: Natalia Díaz | C21: natalia.diaz38@mail.com | D21: +503 574 493 38 | E21: Prime Group | F21: EL SALVADOR | G21: Referral | H21: Document Processing | I21: Contacted | J21: 1200 | K21: 46231 | L21: 46231
A22: ALM-0021 | B22: Daniel Flores | C22: daniel.flores94@outlook.com | D22: 61320024 | E22: Urban Commerce | F22: El Salvador | G22: Instagram | H22: Data Automation | I22: New | J22: 500 | K22: 46232 | L22: 46263 | M22: Needs pricing
A23: ALM-0022 | B23: Sergio Gómez | C23: sergio.gomez90@outlook.com | D23: 3145091327 | E23: Sol Commerce | F23: argentina | G23: Facebook | H23: Document Processing | I23: Won | J23: 2500 | K23: 46209 | L23: 46233
A24: ALM-0023 | B24: Raúl Hernández | C24: raul.hernandez69@company.com | D24: 1239353409 | E24: Vertex Solutions | F24: argentina | G24: Organic Search | H24: AI Voice Agent | I24: Contacted | J24: 750 | K24: 46149 | L24: 46157 | M24: Interested in automation
A25: ALM-0024 | B25: Sergio Hernández | C25: sergio.hernandez12@outlook.com | D25: +57 299 254 3784 | E25: Sol Commerce | F25: colombia | G25: Website | H25: Data Automation | I25: Won | J25: 2500 | K25: 46033 | L25: 46069 | M25: Interested in automation
A26: ALM-0025 | B26: Paula Díaz | C26: paula.diaz76@mail.com | E26: MOMENTUM SERVICES | F26: Peru | G26: Referral | H26: Workflow Automation | I26: Qualified | J26: 4500 | K26: 46032 | L26: 46068
A27: ALM-0026 | B27: Diego García | C27: diego.garcia78@gmail.com | D27: 2309827434 | E27: Vision Services | F27: ARGENTINA | G27: Organic Search | H27: Workflow Automation | I27: New | J27: 1500 | K27: 46253 | L27: 46286 | M27: Requested demo
A28: ALM-0027 | B28: Daniel Pérez | C28: daniel.perez13 @ gmail.com | E28: Bright Solutions | F28: argentina | G28: Instagram | H28: Data Automation | I28: Won | J28: 350 | K28: 46121 | L28: 46153 | M28: Send proposal
A29: ALM-0028 | B29: Fernando Morales | C29: fernando.morales39@company.com | D29: +54 5898158879 | E29: Prime Labs | F29: ARGENTINA | G29: Website | H29: AI Voice Agent | I29: Won | J29: 4500 | K29: 46206 | L29: 46206 | M29: Interested in automation
A30: ALM-0029 | B30: Alejandro Torres | C30: alejandro.torres56@company.com | D30: +52 0203959259 | E30: Cloud Commerce | F30: Mexico | G30: Organic Search | H30: AI Voice Agent | I30: Qualified | J30: 3000 | K30: 46103 | L30: 46112
A31: ALM-0030 | B31: Alejandro Ramírez | C31: alejandro.ramirez44@company.com | F31: chile | G31: Facebook | H31: Data Automation | I31: New | J31: 2500 | K31: 46134 | L31: 46169 | M31: Interested in automation
A32: ALM-0031 | B32: Raúl Rodríguez | C32: raul.rodriguez57@gmail.com | D32: +52-8554682838 | E32: Blue Studio | F32: México | G32: Facebook | H32: Document Processing | I32: Proposal Sent | J32: 750 | K32: 46183 | L32: 46216
A33: ALM-0032 | B33: Diego Navarro | C33: diego.navarro64@mail.com | E33: Blue Services | F33: Salvador | G33: Organic Search | H33: Website Chat Agent | I33: New | K33: 46095 | L33: 46099 | M33: Interested in automation
A34: ALM-0033 | B34: Andrés Sánchez | C34: andres.sanchez74@outlook.com | D34: +1-4772755215 | E34: Urban Works | F34: United States | G34: Organic Search | H34: Website Chat Agent | I34: Won | J34: 750 | K34: 46190 | L34: 46192 | M34: Requested demo
A35: ALM-0034 | B35: Manuel Morales | C35: manuel.morales27@gmail.com | D35: 881839487 | E35: Sol Labs | F35: peru | G35: Website | H35: AI Voice Agent | I35: Won | J35: 3000 | K35: 46030 | L35: 46052 | M35: Follow up next week
A36: ALM-0035 | B36: Alejandro Sánchez | C36: alejandro.sanchez42@mail.com | D36: +57 406 830 4098 | E36: Apex Services | F36: colombia | G36: Instagram | H36: Data Automation | I36: Lost | J36: 500 | K36: 46092 | L36: 46135
A37: ALM-0036 | B37: Patricia Díaz | C37: patricia.diaz43@company.com | D37: +503 323 170 50 | E37: Vertex Labs | F37: El Salvador | G37: Organic Search | H37: Website Chat Agent | I37: Proposal Sent | J37: 4500 | K37: 46035 | L37: 46080 | M37: Needs pricing
A38: ALM-0037 | B38: David Torres | C38: david.torres10@company.com | D38: +56 625 147 716 | E38: Bright Commerce | F38: CHILE | G38: Referral | H38: Website Chat Agent | I38: Lost | J38: 3000 | K38: 46134 | L38: 46154 | M38: Requested demo
A39: ALM-0038 | B39: Fernando Romero | C39: fernando.romero63@gmail.com | D39: 5161885601 | E39: Apex Labs | F39: COLOMBIA | G39: LinkedIn | H39: Data Automation | I39: Proposal Sent | J39: 350 | K39: 46153 | L39: 46161 | M39: Send proposal
A40: ALM-0039 | B40: Fernando Rivera | C40: fernando.rivera80@company.com | D40: +57 1778362014 | F40: colombia | G40: Instagram | H40: Workflow Automation | I40: Won | J40: 350 | K40: 46090 | L40: 46090 | M40: Interested in automation
A41: ALM-0040 | B41: Isabel Ortiz | C41: isabel.ortiz36@mail.com | D41: +51 652057098 | E41: Momentum Works | F41: Peru | G41: Website | H41: Workflow Automation | I41: Won | J41: 2000 | K41: 46068 | L41: 46107 | M41: Needs pricing
A42: ALM-0041 | B42: Lucía Sánchez | C42: lucia.sanchez5 @ outlook.com | D42: +503 311 113 05 | E42: Cloud Labs | F42: EL SALVADOR | G42: Facebook | H42: Workflow Automation | I42: Proposal Sent | J42: 350 | K42: 46116 | M42: Needs pricing
A43: ALM-0042 | B43: Carolina Flores | C43: carolina.flores80@mail.com | D43: +1-3605265298 | E43: Vertex Labs | F43: united states | G43: Website | H43: Data Automation | I43: Qualified | J43: 4500 | K43: 46155 | L43: 46174 | M43: Follow up next week
A44: ALM-0043 | B44: Sofía Morales | C44: sofia.morales41@gmail.com | D44: +56-143908964 | E44: Prime Media | F44: Chile | G44: Referral | H44: Data Automation | I44: Lost | J44: 900 | K44: 46264 | L44: 46289 | M44: Send proposal
A45: ALM-0044 | B45: María Ortiz | C45: maria.ortiz54@outlook.com | D45: +57 270 603 6025 | E45: Blue Media | F45: Colombia | G45: LinkedIn | H45: Data Automation | I45: Contacted | J45: 1500 | K45: 46053 | L45: 46068 | M45: Interested in automation
A46: ALM-0045 | B46: natalia sánchez | C46: natalia.sanchez62@company.com | D46: +57 999 972 1801 | E46: Green Services | F46: COLOMBIA | G46: Referral | H46: Document Processing | I46: Proposal Sent | J46: 2000 | K46: 46259 | L46: 46298 | M46: Requested demo
A47: ALM-0046 | B47: Camila Díaz | C47: camila.diaz36@mail.com | D47: +57-5080060809 | E47: Nexo Services | F47: Colombia | G47: Referral | H47: Document Processing | I47: Qualified | J47: 1500 | K47: 46043 | L47: 46059 | M47: Follow up next week
A48: ALM-0047 | B48: Sofía Vargas | C48: sofia.vargas36@mail.com | E48: Bright Commerce | F48: U.S.A. | G48: Instagram | H48: AI Voice Agent | I48: Proposal Sent | J48: 1500 | K48: 46173 | L48: 46174 | M48: Requested demo
A49: ALM-0048 | B49: Luis Flores | C49: luis.flores7@company.com | E49: Momentum Solutions | F49: ARGENTINA | G49: LinkedIn | H49: Workflow Automation | I49: qualified | J49: 1200 | K49: 46187 | L49: 46204
A50: ALM-0049 | B50: Valeria Romero | C50: VALERIA.ROMERO51@MAIL.COM | D50: +52 0112761625 | E50: Nova Solutions | F50: Mexico | G50: Website | H50: Data Automation | I50: New | J50: 3000 | K50: 46045 | L50: 46073 | M50: Needs pricing
A51: ALM-0050 | B51: Lucía García | C51: lucia.garcia2@outlook.com | D51: +56-890013966 | E51: Apex Solutions | F51: CHILE | G51: Instagram | H51: Data Automation | I51: Proposal Sent | J51: 4500 | K51: 46244 | M51: Requested demo
A52: ALM-0051 | B52: María Sánchez | C52: maria.sanchez18@outlook.com | D52: +34 778 887 740 | E52: Nexo Solutions | F52: spain | G52: Instagram | H52: Website Chat Agent | I52: New | J52: 750 | K52: 46260 | L52: 46289 | M52: Requested demo
A53: ALM-0052 | B53: Patricia Rodríguez | C53: patricia.rodriguez52@outlook.com | D53: 8211396692 | E53: Vertex Services | F53: argentina | G53: LinkedIn | H53: Workflow Automation | I53: Lost | K53: 46259 | L53: 46274 | M53: Interested in automation
A54: ALM-0053 | B54: Natalia Rodríguez | C54: natalia.rodriguez44@mail.com | D54: +51 544 209 389 | E54: Digital Media | F54: PERU | G54: Website | H54: Document Processing | I54: Contacted | J54: 1200 | K54: 46158 | L54: 46171 | M54: Needs pricing
A55: ALM-0054 | B55: María Rodríguez | C55: maria.rodriguez23@gmail.com | D55: 7847790960 | E55: Cloud Media | F55: México | G55: Referral | H55: Website Chat Agent | I55: Lost | J55: 900 | K55: 46029 | L55: 46064 | M55: Follow up next week
A56: ALM-0055 | B56: Ricardo Morales | C56: ricardo.morales60@mail.com | D56: +503 295 606 49 | E56: Nova Studio | F56: EL SALVADOR | G56: Facebook | H56: AI Voice Agent | I56: Qualified | J56: 2000 | K56: 46264 | M56: Send proposal
A57: ALM-0056 | B57: Javier Martínez | C57: JAVIER.MARTINEZ58@MAIL.COM | D57: +54 3292373787 | E57: Blue Media | F57: Argentina | G57: Website | H57: Website Chat Agent | I57: Proposal Sent | J57: 4500 | K57: 46135 | L57: 46172 | M57: Send proposal
A58: ALM-0057 | B58: Patricia Castro | C58: patricia.castro89@mail.com | D58: +52-0552303571 | E58: Bright Services | F58: MEXICO | G58: Organic Search | H58: Workflow Automation | I58: new | J58: 4500 | K58: 46066 | L58: 46107 | M58: Requested demo
A59: ALM-0058 | B59: Andrés Morales | C59: andres.morales46@company.com | D59: +57-4585022660 | E59: Atlas Labs | F59: Colombia | G59: LinkedIn | H59: Workflow Automation | I59: Proposal Sent | J59: 1200 | K59: 46255 | L59: 46290 | M59: Requested demo
A60: ALM-0059 | B60: Fernando Díaz | C60: fernando.diaz13@mail.com | D60: 8183107855 | E60: Urban Commerce | F60: Colombia | G60: Website | H60: AI Voice Agent | I60: Proposal Sent | J60: 500 | K60: 46216 | L60: 46239
A61: ALM-0060 | B61: Carlos Pérez | C61: carlos.perez33@gmail.com | D61: +1-3771357664 | E61: Bright Works | F61: united states | G61: Referral | H61: Document Processing | I61: Qualified | J61: 1500 | K61: 46253 | L61: 46275 | M61: Interested in automation
A62: ALM-0061 | B62: Natalia Rodríguez | C62: natalia.rodriguez3 @ company.com | D62: +52 048 187 9725 | E62: Nova Group | F62: México | G62: Organic Search | H62: AI Voice Agent | I62: New | J62: 2000 | K62: 46230 | L62: 46274 | M62: Interested in automation
A63: ALM-0062 | B63: Javier Flores | C63: javier.flores94@company.com | D63: +54-6433136248 | E63: Apex Partners | F63: Argentina | G63: Facebook | H63: Website Chat Agent | I63: Contacted | J63: 2500 | K63: 46246 | L63: 46282 | M63: Follow up next week
A64: ALM-0063 | B64: Isabel Hernández | C64: isabel.hernandez64@outlook.com | D64: +56 985 264 358 | E64: Vision Media | F64: CHILE | G64: Organic Search | H64: Document Processing | I64: Proposal Sent | J64: 2000 | K64: 46116 | L64: 46132 | M64: Requested demo
A65: ALM-0064 | B65: Paula Castro | D65: 2168233908 | E65: Apex Solutions | F65: Argentina | G65: Organic Search | H65: AI Voice Agent | I65: Proposal Sent | J65: 900 | K65: 46230 | L65: 46248
A66: ALM-0065 | B66: Carlos López | C66: carlos.lopez95@outlook.com | D66: +51-515990381 | E66: Prime Group | F66: PERU | G66: LinkedIn | H66: Website Chat Agent | I66: Lost | J66: 350 | K66: 46261 | M66: Follow up next week
A67: ALM-0066 | B67: elena torres | C67: elena.torres41@mail.com | D67: +56 514 763 909 | E67: Bright Studio | F67: chile | G67: Website | H67: Data Automation | I67: Won | J67: 2500 | K67: 46097 | L67: 46104 | M67: Follow up next week
A68: ALM-0067 | B68: Camila Hernández | C68: camila.hernandez7@gmail.com | D68: +503-99090473 | E68: Nexo Services | F68: El Salvador | G68: Referral | H68: Document Processing | I68: Proposal Sent | J68: 350 | K68: 46209 | L68: 46253 | M68: Requested demo
A69: ALM-0068 | B69: Elena Vargas | C69: elena.vargas90@company.com | D69: +54 2159575470 | E69: Vision Commerce | F69: ARGENTINA | G69: Facebook | H69: Data Automation | I69: Lost | J69: 3000 | K69: 46239 | L69: 46255 | M69: Interested in automation
A70: ALM-0069 | B70: Andrés Gómez | C70: andres.gomez55@mail.com | D70: +503 26678694 | E70: Sol Works | F70: EL SALVADOR | G70: LinkedIn | H70: Data Automation | I70: Contacted | J70: 1200 | K70: 46239 | L70: 46261 | M70: Needs pricing
A71: ALM-0070 | B71: Laura Martínez | C71: laura.martinez8@company.com | D71: 921879441 | E71: Green Labs | F71: chile | G71: Facebook | H71: Document Processing | I71: Won | J71: 2000 | K71: 46162 | L71: 46178 | M71: Follow up next week
A72: ALM-0071 | B72: David Ortiz | C72: david.ortiz26@mail.com | D72: +1-5336844149 | E72: Apex Commerce | F72: U.S.A. | G72: Instagram | H72: Website Chat Agent | I72: Won | J72: 3000 | K72: 46031 | L72: 46043 | M72: Needs pricing
A73: ALM-0072 | B73: Camila González | C73: camila.gonzalez86@mail.com | D73: +56-124965231 | E73: Digital Labs | F73: Chile | G73: Instagram | H73: Workflow Automation | I73: Contacted | J73: 3000 | K73: 46088 | L73: 46113 | M73: Requested demo
A74: ALM-0073 | B74: RICARDO LÓPEZ | C74: ricardo.lopez5@mail.com | D74: +503-79101013 | F74: el salvador | G74: Facebook | H74: Document Processing | I74: Qualified | J74: 2500 | K74: 46125 | L74: 46150 | M74: Follow up next week
A75: ALM-0074 | B75: Carolina Ortiz | C75: carolina.ortiz69@gmail.com | D75: 333427070 | E75: Urban Solutions | F75: Spain | G75: Facebook | H75: Workflow Automation | I75: Won | J75: 350 | K75: 46223 | L75: 46248 | M75: Follow up next week
A76: ALM-0075 | B76: Fernando Ramírez | C76: fernando.ramirez67@company.com | E76: Momentum Commerce | F76: Salvador | G76: Instagram | H76: Document Processing | I76: Contacted | J76: 4500 | K76: 46085 | L76: 46117 | M76: Send proposal
A77: ALM-0076 | B77: Marta Rivera | C77: marta.rivera75@outlook.com | D77: +57-4518781347 | E77: Digital Services | F77: Colombia | G77: Referral | H77: Data Automation | I77: New | J77: 2000 | K77: 46197 | L77: 46199 | M77: Requested demo
A78: ALM-0077 | B78: Isabel Rivera | C78: isabel.rivera15@outlook.com | D78: +1 968 359 4750 | E78: Blue Partners | F78: US | G78: Organic Search | H78: Workflow Automation | I78: Lost | J78: 500 | K78: 46150 | L78: 46194 | M78: Needs pricing
A79: ALM-0078 | B79: Sergio García | C79: sergio.garcia86@outlook.com | D79: 7562423315 | E79: Green Services | F79: Colombia | G79: Instagram | H79: Workflow Automation | I79: Qualified | J79: 750 | K79: 46061 | L79: 46069 | M79: Send proposal
A80: ALM-0079 | B80: Manuel Rodríguez | C80: manuel.rodriguez68@gmail.com | E80: Vision Consulting | F80: Colombia | G80: Instagram | H80: Document Processing | I80: Contacted | J80: 2000 | K80: 46177 | L80: 46183 | M80: Follow up next week
A81: ALM-0080 | B81: David Rodríguez | C81: david.rodriguez27@company.com | D81: 02459593 | E81: Digital Media | F81: Salvador | G81: Website | H81: AI Voice Agent | J81: 2000 | K81: 46108 | L81: 46108 | M81: Send proposal
A82: ALM-0081 | B82: Isabel Gómez | C82: isabel.gomez42@mail.com | D82: 7665420309 | E82: Vision Media | F82: argentina | G82: Website | H82: Document Processing | I82: Lost | J82: 3000 | K82: 46033 | L82: 46075 | M82: Requested demo
A83: ALM-0082 | B83: Daniel Díaz | C83: daniel.diaz68@gmail.com | D83: +54 837 455 6123 | E83: Urban Consulting | F83: argentina | G83: Organic Search | H83: Data Automation | I83: Qualified | J83: 350 | K83: 46250 | L83: 46262 | M83: Requested demo
A84: ALM-0083 | B84: Luis Morales | C84: luis.morales26@gmail.com | D84: 8070743004 | E84: Vision Consulting | F84: argentina | G84: Instagram | H84: Data Automation | I84: Proposal Sent | J84: 4500 | K84: 46080 | L84: 46080 | M84: Needs pricing
A85: ALM-0084 | B85: Ana García | C85: ana.garcia24@mail.com | D85: +34 276297111 | E85: Sol Media | F85: Spain | G85: Facebook | H85: Website Chat Agent | I85: Lost | K85: 46247 | L85: 46283 | M85: Needs pricing
A86: ALM-0085 | B86: Carlos Martínez | D86: +1-7651379288 | E86: Prime Studio | F86: USA | G86: Facebook | H86: Data Automation | I86: Won | J86: 500 | K86: 46060 | L86: 46097 | M86: Follow up next week
A87: ALM-0086 | B87: Laura Gómez | C87: laura.gomez3@company.com | D87: +56-709672057 | E87: Green Works | F87: CHILE | G87: Organic Search | H87: Document Processing | I87: Lost | J87: 4500 | K87: 46097 | L87: 46105
A88: ALM-0087 | B88: Isabel González | C88: isabel.gonzalez3@company.com | D88: +1-7323032338 | E88: Nexo Commerce | F88: US | G88: Facebook | H88: Document Processing | I88: Proposal Sent | J88: 2000 | K88: 46107 | L88: 46136 | M88: Needs pricing
A89: ALM-0088 | B89: Laura Rivera | C89: laura.rivera45@gmail.com | D89: 9371595864 | E89: Momentum Works | F89: USA | G89: Referral | H89: Workflow Automation | J89: 3000 | K89: 46060 | L89: 46075 | M89: Interested in automation
A90: ALM-0089 | B90: Ana Flores | C90: ana.flores62@gmail.com | D90: +34-414454779 | E90: Vertex Solutions | F90: SPAIN | G90: Organic Search | H90: Document Processing | I90: Lost | J90: 1500 | K90: 46214 | L90: 46255 | M90: Interested in automation
A91: ALM-0090 | B91: Valeria Castro | C91: valeria.castro40@mail.com | D91: +52 361 107 5819 | E91: Momentum Group | F91: mexico | G91: Instagram | H91: Website Chat Agent | I91: Won | J91: 1200 | K91: 46267 | L91: 46287
A92: ALM-0091 | B92: Patricia Rodríguez | C92: patricia.rodriguez74@mail.com | D92: +51-104165797 | F92: Peru | G92: Instagram | H92: AI Voice Agent | I92: Won | J92: 2000 | K92: 46253 | L92: 46266 | M92: Requested demo
A93: ALM-0092 | B93: LUIS GONZÁLEZ | C93: luis.gonzalez69@gmail.com | D93: +56 951667994 | E93: Vertex Media | F93: CHILE | G93: Facebook | H93: Workflow Automation | I93: Contacted | J93: 750 | K93: 46120 | L93: 46159 | M93: Interested in automation
A94: ALM-0093 | B94: Luis Morales | C94: luis.morales55@company.com | D94: +34 745 616 412 | E94: Sol Solutions | F94: SPAIN | G94: Referral | H94: Website Chat Agent | I94: Proposal Sent | J94: 1500 | K94: 46080 | L94: 46113 | M94: Follow up next week
A95: ALM-0094 | B95: David González | C95: david.gonzalez31@gmail.com | D95: 105054787 | E95: Nova Consulting | F95: Perú | G95: LinkedIn | H95: Workflow Automation | I95: Contacted | J95: 2500 | K95: 46055 | L95: 46064 | M95: Interested in automation
A96: ALM-0095 | B96: Carolina García | C96: carolina.garcia98@mail.com | D96: 848766383 | E96: Blue Partners | F96: Peru | G96: Organic Search | H96: Workflow Automation | I96: Lost | K96: 46256 | L96: 46290
A97: ALM-0096 | B97: Sergio Gómez | C97: sergio.gomez44@mail.com | D97: +57 6534755042 | E97: Vertex Consulting | F97: COLOMBIA | G97: Website | H97: Website Chat Agent | I97: New | K97: 46043 | L97: 46051 | M97: Requested demo
A98: ALM-0097 | B98: SERGIO NAVARRO | C98: sergio.navarro85@gmail.com | D98: 4313534385 | E98: Bright Media | F98: united states | G98: Instagram | H98: Website Chat Agent | I98: CONTACTED | J98: 2000 | K98: 46141 | L98: 46158 | M98: Follow up next week
A99: ALM-0098 | B99: Javier Navarro | D99: +34 813 084 667 | E99: Urban Media | F99: España | G99: Website | H99: Data Automation | I99: Proposal Sent | J99: 2000 | K99: 46041 | L99: 46061 | M99: Interested in automation
A100: ALM-0099 | B100: CAROLINA NAVARRO | C100: carolina.navarro58@gmail.com | D100: +503 54250792 | E100: Apex Solutions | F100: El Salvador | G100: Facebook | H100: Workflow Automation | I100: Qualified | J100: 1500 | K100: 46183 | L100: 46199 | M100: Send proposal
...

Sheet CLEAN_DATA
A1: Record_ID | B1: Full_Name | C1: Email | D1: Email_Normalized | E1: Email_Action | F1: Email_Clean | G1: Duplicate_Status | H1: Data_Action | I1: Email_Quality | J1: Phone | K1: Company | L1: Country | M1: Country_Normalized | N1: Lead_Source | O1: Service_Interest | P1: Lead_Status | Q1: Lead_Status_Normalized | R1: Estimated_Value_USD | S1: Created_Date | T1: Last_Contact_Date | U1: Notes
A2: ALM-0001 | B2: Alejandro Navarro | C2: alejandro.navarro94@company.com | D2: =LOWER(TRIM(C2)) -> alejandro.navarro94@company.com | G2: =IF(D2="","Missing Email",IF(COUNTIF($D$2:$D$201,D2)>1,"Duplicate","Unique")) -> Unique | I2: =IFERROR(__xludf.DUMMYFUNCTION("IF(C2="""",""Missing"",IF(REGEXMATCH(C2,""^[^@\s]+@[^@\s]+\.[^@\s]+$""),""Valid"",""Invalid""))"),"Valid") -> Valid | J2: 201539268 | K2: Apex Studio | L2: CHILE | M2: =IF(L2="","",IF(OR(LOWER(TRIM(L2))="u.s.a.",LOWER(TRIM(L2))="united states"),"United States",IF(OR(LOWER(TRIM(L2))="spain",LOWER(TRIM(L2))="españa",LOWER(TRIM(L2))="espana"),"Spain",IF(OR(LOWER(TRIM(L2))="mexico",LOWER(TRIM(L2))="méxico"),"Mexico",PROPER(LOWER(TRIM(L2))))))) -> Chile | N2: Organic Search | O2: Document Processing | P2: Contacted | Q2: =IF(P2="","",PROPER(LOWER(TRIM(P2)))) -> Contacted | S2: 46111 | T2: 46153 | U2: Follow up next week | V2: Duplicados por email
A3: ALM-0072 | B3: Camila González | C3: camila.gonzalez86@mail.com | D3: =LOWER(TRIM(C3)) -> camila.gonzalez86@mail.com | G3: =IF(D3="","Missing Email",IF(COUNTIF($D$2:$D$201,D3)>1,"Duplicate","Unique")) -> Duplicate | I3: =IFERROR(__xludf.DUMMYFUNCTION("IF(C3="""",""Missing"",IF(REGEXMATCH(C3,""^[^@\s]+@[^@\s]+\.[^@\s]+$""),""Valid"",""Invalid""))"),"Valid") -> Valid | J3: +56-124965231 | K3: Digital Labs | L3: Chile | M3: =IF(L3="","",IF(OR(LOWER(TRIM(L3))="u.s.a.",LOWER(TRIM(L3))="united states"),"United States",IF(OR(LOWER(TRIM(L3))="spain",LOWER(TRIM(L3))="españa",LOWER(TRIM(L3))="espana"),"Spain",IF(OR(LOWER(TRIM(L3))="mexico",LOWER(TRIM(L3))="méxico"),"Mexico",PROPER(LOWER(TRIM(L3))))))) -> Chile | N3: Instagram | O3: Workflow Automation | P3: Contacted | Q3: =IF(P3="","",PROPER(LOWER(TRIM(P3)))) -> Contacted | R3: 3000 | S3: 46088 | T3: 46113 | U3: Requested demo
A4: ALM-0003 | B4: Carlos Navarro | C4: carlos.navarro11@mail.com | D4: =LOWER(TRIM(C4)) -> carlos.navarro11@mail.com | G4: =IF(D4="","Missing Email",IF(COUNTIF($D$2:$D$201,D4)>1,"Duplicate","Unique")) -> Unique | I4: =IFERROR(__xludf.DUMMYFUNCTION("IF(C4="""",""Missing"",IF(REGEXMATCH(C4,""^[^@\s]+@[^@\s]+\.[^@\s]+$""),""Valid"",""Invalid""))"),"Valid") -> Valid | J4: +503 23813586 | K4: Momentum Services | L4: El Salvador | M4: =IF(L4="","",IF(OR(LOWER(TRIM(L4))="u.s.a.",LOWER(TRIM(L4))="united states"),"United States",IF(OR(LOWER(TRIM(L4))="spain",LOWER(TRIM(L4))="españa",LOWER(TRIM(L4))="espana"),"Spain",IF(OR(LOWER(TRIM(L4))="mexico",LOWER(TRIM(L4))="méxico"),"Mexico",PROPER(LOWER(TRIM(L4))))))) -> El Salvador | N4: Referral | O4: AI Voice Agent | P4: New | Q4: =IF(P4="","",PROPER(LOWER(TRIM(P4)))) -> New | R4: 500 | S4: 46101
A5: ALM-0004 | B5: María González | C5: maria.gonzalez3@outlook.com | D5: =LOWER(TRIM(C5)) -> maria.gonzalez3@outlook.com | G5: =IF(D5="","Missing Email",IF(COUNTIF($D$2:$D$201,D5)>1,"Duplicate","Unique")) -> Unique | I5: =IFERROR(__xludf.DUMMYFUNCTION("IF(C5="""",""Missing"",IF(REGEXMATCH(C5,""^[^@\s]+@[^@\s]+\.[^@\s]+$""),""Valid"",""Invalid""))"),"Valid") -> Valid | J5: +54 8433709892 | K5: Sol Partners | L5: ARGENTINA | M5: =IF(L5="","",IF(OR(LOWER(TRIM(L5))="u.s.a.",LOWER(TRIM(L5))="united states"),"United States",IF(OR(LOWER(TRIM(L5))="spain",LOWER(TRIM(L5))="españa",LOWER(TRIM(L5))="espana"),"Spain",IF(OR(LOWER(TRIM(L5))="mexico",LOWER(TRIM(L5))="méxico"),"Mexico",PROPER(LOWER(TRIM(L5))))))) -> Argentina | N5: Website | O5: AI Voice Agent | P5: Lost | Q5: =IF(P5="","",PROPER(LOWER(TRIM(P5)))) -> Lost | R5: 1500 | S5: 46215 | T5: 46244 | U5: Follow up next week
A6: ALM-0005 | B6: Carolina Navarro | C6: carolina.navarro41@gmail.com | D6: =LOWER(TRIM(C6)) -> carolina.navarro41@gmail.com | G6: =IF(D6="","Missing Email",IF(COUNTIF($D$2:$D$201,D6)>1,"Duplicate","Unique")) -> Unique | I6: =IFERROR(__xludf.DUMMYFUNCTION("IF(C6="""",""Missing"",IF(REGEXMATCH(C6,""^[^@\s]+@[^@\s]+\.[^@\s]+$""),""Valid"",""Invalid""))"),"Valid") -> Valid | J6: +51 696 199 746 | K6: Bright Partners | L6: peru | M6: =IF(L6="","",IF(OR(LOWER(TRIM(L6))="u.s.a.",LOWER(TRIM(L6))="united states"),"United States",IF(OR(LOWER(TRIM(L6))="spain",LOWER(TRIM(L6))="españa",LOWER(TRIM(L6))="espana"),"Spain",IF(OR(LOWER(TRIM(L6))="mexico",LOWER(TRIM(L6))="méxico"),"Mexico",PROPER(LOWER(TRIM(L6))))))) -> Peru | N6: Referral | O6: AI Voice Agent | P6: Won | Q6: =IF(P6="","",PROPER(LOWER(TRIM(P6)))) -> Won | R6: 350 | S6: 46174 | T6: 46191 | U6: Interested in automation | V6: Registros marcados Duplicate
A7: ALM-0191 | B7: Camila González | C7: camila.gonzalez86@mail.com | D7: =LOWER(TRIM(C7)) -> camila.gonzalez86@mail.com | G7: =IF(D7="","Missing Email",IF(COUNTIF($D$2:$D$201,D7)>1,"Duplicate","Unique")) -> Duplicate | H7: REMOVE — Exact duplicate of ALM-0014 | I7: =IFERROR(__xludf.DUMMYFUNCTION("IF(C7="""",""Missing"",IF(REGEXMATCH(C7,""^[^@\s]+@[^@\s]+\.[^@\s]+$""),""Valid"",""Invalid""))"),"Valid") -> Valid | J7: +56-124965231 | K7: Digital Labs | L7: Chile | M7: =IF(L7="","",IF(OR(LOWER(TRIM(L7))="u.s.a.",LOWER(TRIM(L7))="united states"),"United States",IF(OR(LOWER(TRIM(L7))="spain",LOWER(TRIM(L7))="españa",LOWER(TRIM(L7))="espana"),"Spain",IF(OR(LOWER(TRIM(L7))="mexico",LOWER(TRIM(L7))="méxico"),"Mexico",PROPER(LOWER(TRIM(L7))))))) -> Chile | N7: Instagram | O7: Workflow Automation | P7: Contacted | Q7: =IF(P7="","",PROPER(LOWER(TRIM(P7)))) -> Contacted | R7: 3000 | S7: 46088 | T7: 46113 | U7: Requested demo
A8: ALM-0007 | B8: María Rivera | C8: maria.rivera61@outlook.com | D8: =LOWER(TRIM(C8)) -> maria.rivera61@outlook.com | G8: =IF(D8="","Missing Email",IF(COUNTIF($D$2:$D$201,D8)>1,"Duplicate","Unique")) -> Unique | I8: =IFERROR(__xludf.DUMMYFUNCTION("IF(C8="""",""Missing"",IF(REGEXMATCH(C8,""^[^@\s]+@[^@\s]+\.[^@\s]+$""),""Valid"",""Invalid""))"),"Valid") -> Valid | J8: +1 2474157676 | K8: CLOUD SOLUTIONS | L8: U.S.A. | M8: =IF(L8="","",IF(OR(LOWER(TRIM(L8))="u.s.a.",LOWER(TRIM(L8))="united states"),"United States",IF(OR(LOWER(TRIM(L8))="spain",LOWER(TRIM(L8))="españa",LOWER(TRIM(L8))="espana"),"Spain",IF(OR(LOWER(TRIM(L8))="mexico",LOWER(TRIM(L8))="méxico"),"Mexico",PROPER(LOWER(TRIM(L8))))))) -> United States | N8: Instagram | O8: Data Automation | P8: Proposal Sent | Q8: =IF(P8="","",PROPER(LOWER(TRIM(P8)))) -> Proposal Sent | R8: 500 | S8: 46052 | T8: 46087 | U8: Requested demo | V8: Emails duplicados distintos
A9: ALM-0014 | B9: Camila Torres | C9: camila.torres47@company.com | D9: =LOWER(TRIM(C9)) -> camila.torres47@company.com | G9: =IF(D9="","Missing Email",IF(COUNTIF($D$2:$D$201,D9)>1,"Duplicate","Unique")) -> Duplicate | I9: =IFERROR(__xludf.DUMMYFUNCTION("IF(C9="""",""Missing"",IF(REGEXMATCH(C9,""^[^@\s]+@[^@\s]+\.[^@\s]+$""),""Valid"",""Invalid""))"),"Valid") -> Valid | L9: spain | M9: =IF(L9="","",IF(OR(LOWER(TRIM(L9))="u.s.a.",LOWER(TRIM(L9))="united states"),"United States",IF(OR(LOWER(TRIM(L9))="spain",LOWER(TRIM(L9))="españa",LOWER(TRIM(L9))="espana"),"Spain",IF(OR(LOWER(TRIM(L9))="mexico",LOWER(TRIM(L9))="méxico"),"Mexico",PROPER(LOWER(TRIM(L9))))))) -> Spain | N9: Website | O9: Workflow Automation | P9: Proposal Sent | Q9: =IF(P9="","",PROPER(LOWER(TRIM(P9)))) -> Proposal Sent | R9: 1500 | S9: 46030 | T9: 46043 | U9: Follow up next week
A10: ALM-0009 | B10: Miguel Rodríguez | C10: miguel.rodriguez72@outlook.com | D10: =LOWER(TRIM(C10)) -> miguel.rodriguez72@outlook.com | G10: =IF(D10="","Missing Email",IF(COUNTIF($D$2:$D$201,D10)>1,"Duplicate","Unique")) -> Unique | I10: =IFERROR(__xludf.DUMMYFUNCTION("IF(C10="""",""Missing"",IF(REGEXMATCH(C10,""^[^@\s]+@[^@\s]+\.[^@\s]+$""),""Valid"",""Invalid""))"),"Valid") -> Valid | J10: +503 70533950 | K10: Nova Commerce | L10: el salvador | M10: =IF(L10="","",IF(OR(LOWER(TRIM(L10))="u.s.a.",LOWER(TRIM(L10))="united states"),"United States",IF(OR(LOWER(TRIM(L10))="spain",LOWER(TRIM(L10))="españa",LOWER(TRIM(L10))="espana"),"Spain",IF(OR(LOWER(TRIM(L10))="mexico",LOWER(TRIM(L10))="méxico"),"Mexico",PROPER(LOWER(TRIM(L10))))))) -> El Salvador | N10: Organic Search | O10: Document Processing | P10: Contacted | Q10: =IF(P10="","",PROPER(LOWER(TRIM(P10)))) -> Contacted | R10: 1500 | S10: 46095 | T10: 46129 | U10: Requested demo | V10: Registros para eliminar
A11: ALM-0010 | B11: Manuel López | C11: manuel.lopez9@outlook.com | D11: =LOWER(TRIM(C11)) -> manuel.lopez9@outlook.com | G11: =IF(D11="","Missing Email",IF(COUNTIF($D$2:$D$201,D11)>1,"Duplicate","Unique")) -> Unique | I11: =IFERROR(__xludf.DUMMYFUNCTION("IF(C11="""",""Missing"",IF(REGEXMATCH(C11,""^[^@\s]+@[^@\s]+\.[^@\s]+$""),""Valid"",""Invalid""))"),"Valid") -> Valid | J11: 2859040010 | K11: Momentum Studio | L11: ARGENTINA | M11: =IF(L11="","",IF(OR(LOWER(TRIM(L11))="u.s.a.",LOWER(TRIM(L11))="united states"),"United States",IF(OR(LOWER(TRIM(L11))="spain",LOWER(TRIM(L11))="españa",LOWER(TRIM(L11))="espana"),"Spain",IF(OR(LOWER(TRIM(L11))="mexico",LOWER(TRIM(L11))="méxico"),"Mexico",PROPER(LOWER(TRIM(L11))))))) -> Argentina | N11: Website | O11: Data Automation | P11: Proposal Sent | Q11: =IF(P11="","",PROPER(LOWER(TRIM(P11)))) -> Proposal Sent | R11: 350 | S11: 46180 | T11: 46181 | U11: Needs pricing | V11: =COUNTIF(H2:H201,"REMOVE*") -> 9
A12: ALM-0011 | B12: Patricia Pérez | C12: patricia.perez5@outlook.com | D12: =LOWER(TRIM(C12)) -> patricia.perez5@outlook.com | G12: =IF(D12="","Missing Email",IF(COUNTIF($D$2:$D$201,D12)>1,"Duplicate","Unique")) -> Unique | I12: =IFERROR(__xludf.DUMMYFUNCTION("IF(C12="""",""Missing"",IF(REGEXMATCH(C12,""^[^@\s]+@[^@\s]+\.[^@\s]+$""),""Valid"",""Invalid""))"),"Valid") -> Valid | J12: +34-105504239 | K12: Nexo Group | L12: spain | M12: =IF(L12="","",IF(OR(LOWER(TRIM(L12))="u.s.a.",LOWER(TRIM(L12))="united states"),"United States",IF(OR(LOWER(TRIM(L12))="spain",LOWER(TRIM(L12))="españa",LOWER(TRIM(L12))="espana"),"Spain",IF(OR(LOWER(TRIM(L12))="mexico",LOWER(TRIM(L12))="méxico"),"Mexico",PROPER(LOWER(TRIM(L12))))))) -> Spain | N12: Website | O12: Workflow Automation | P12: Proposal Sent | Q12: =IF(P12="","",PROPER(LOWER(TRIM(P12)))) -> Proposal Sent | R12: 1200 | S12: 46160 | U12: Interested in automation
A13: ALM-0012 | B13: Andrés Martínez | C13: andres.martinez22@mail.com | D13: =LOWER(TRIM(C13)) -> andres.martinez22@mail.com | G13: =IF(D13="","Missing Email",IF(COUNTIF($D$2:$D$201,D13)>1,"Duplicate","Unique")) -> Unique | I13: =IFERROR(__xludf.DUMMYFUNCTION("IF(C13="""",""Missing"",IF(REGEXMATCH(C13,""^[^@\s]+@[^@\s]+\.[^@\s]+$""),""Valid"",""Invalid""))"),"Valid") -> Valid | J13: +54-2437252546 | K13: Apex Services | L13: ARGENTINA | M13: =IF(L13="","",IF(OR(LOWER(TRIM(L13))="u.s.a.",LOWER(TRIM(L13))="united states"),"United States",IF(OR(LOWER(TRIM(L13))="spain",LOWER(TRIM(L13))="españa",LOWER(TRIM(L13))="espana"),"Spain",IF(OR(LOWER(TRIM(L13))="mexico",LOWER(TRIM(L13))="méxico"),"Mexico",PROPER(LOWER(TRIM(L13))))))) -> Argentina | N13: LinkedIn | O13: Document Processing | P13: Lost | Q13: =IF(P13="","",PROPER(LOWER(TRIM(P13)))) -> Lost | R13: 900 | S13: 46179 | T13: 46199 | U13: Send proposal
A14: ALM-0013 | B14: natalia ortiz | C14: natalia.ortiz66@gmail.com | D14: =LOWER(TRIM(C14)) -> natalia.ortiz66@gmail.com | G14: =IF(D14="","Missing Email",IF(COUNTIF($D$2:$D$201,D14)>1,"Duplicate","Unique")) -> Unique | I14: =IFERROR(__xludf.DUMMYFUNCTION("IF(C14="""",""Missing"",IF(REGEXMATCH(C14,""^[^@\s]+@[^@\s]+\.[^@\s]+$""),""Valid"",""Invalid""))"),"Valid") -> Valid | J14: +54-2332522808 | K14: Sol Solutions | L14: ARGENTINA | M14: =IF(L14="","",IF(OR(LOWER(TRIM(L14))="u.s.a.",LOWER(TRIM(L14))="united states"),"United States",IF(OR(LOWER(TRIM(L14))="spain",LOWER(TRIM(L14))="españa",LOWER(TRIM(L14))="espana"),"Spain",IF(OR(LOWER(TRIM(L14))="mexico",LOWER(TRIM(L14))="méxico"),"Mexico",PROPER(LOWER(TRIM(L14))))))) -> Argentina | N14: LinkedIn | O14: Data Automation | P14: Won | Q14: =IF(P14="","",PROPER(LOWER(TRIM(P14)))) -> Won | R14: 350 | S14: 46051 | T14: 46051 | U14: Send proposal
A15: ALM-0200 | B15: Camila Torres | C15: camila.torres47@company.com | D15: =LOWER(TRIM(C15)) -> camila.torres47@company.com | G15: =IF(D15="","Missing Email",IF(COUNTIF($D$2:$D$201,D15)>1,"Duplicate","Unique")) -> Duplicate | H15: REMOVE — Exact duplicate of ALM-0014 | I15: =IFERROR(__xludf.DUMMYFUNCTION("IF(C15="""",""Missing"",IF(REGEXMATCH(C15,""^[^@\s]+@[^@\s]+\.[^@\s]+$""),""Valid"",""Invalid""))"),"Valid") -> Valid | L15: spain | M15: =IF(L15="","",IF(OR(LOWER(TRIM(L15))="u.s.a.",LOWER(TRIM(L15))="united states"),"United States",IF(OR(LOWER(TRIM(L15))="spain",LOWER(TRIM(L15))="españa",LOWER(TRIM(L15))="espana"),"Spain",IF(OR(LOWER(TRIM(L15))="mexico",LOWER(TRIM(L15))="méxico"),"Mexico",PROPER(LOWER(TRIM(L15))))))) -> Spain | N15: Website | O15: Workflow Automation | P15: Proposal Sent | Q15: =IF(P15="","",PROPER(LOWER(TRIM(P15)))) -> Proposal Sent | R15: 1500 | S15: 46030 | T15: 46043 | U15: Follow up next week
A16: ALM-0015 | B16: Sergio Ortiz | C16: sergio.ortiz49@company.com | D16: =LOWER(TRIM(C16)) -> sergio.ortiz49@company.com | G16: =IF(D16="","Missing Email",IF(COUNTIF($D$2:$D$201,D16)>1,"Duplicate","Unique")) -> Unique | I16: =IFERROR(__xludf.DUMMYFUNCTION("IF(C16="""",""Missing"",IF(REGEXMATCH(C16,""^[^@\s]+@[^@\s]+\.[^@\s]+$""),""Valid"",""Invalid""))"),"Valid") -> Valid | J16: +1-8301135501 | K16: Vision Partners | L16: United States | M16: =IF(L16="","",IF(OR(LOWER(TRIM(L16))="u.s.a.",LOWER(TRIM(L16))="united states"),"United States",IF(OR(LOWER(TRIM(L16))="spain",LOWER(TRIM(L16))="españa",LOWER(TRIM(L16))="espana"),"Spain",IF(OR(LOWER(TRIM(L16))="mexico",LOWER(TRIM(L16))="méxico"),"Mexico",PROPER(LOWER(TRIM(L16))))))) -> United States | N16: Website | O16: Document Processing | P16: New | Q16: =IF(P16="","",PROPER(LOWER(TRIM(P16)))) -> New | R16: 2500 | S16: 46070 | T16: 46081 | U16: Requested demo
A17: ALM-0016 | B17: Javier Díaz | C17: javier.diaz69@gmail.com | D17: =LOWER(TRIM(C17)) -> javier.diaz69@gmail.com | G17: =IF(D17="","Missing Email",IF(COUNTIF($D$2:$D$201,D17)>1,"Duplicate","Unique")) -> Unique | I17: =IFERROR(__xludf.DUMMYFUNCTION("IF(C17="""",""Missing"",IF(REGEXMATCH(C17,""^[^@\s]+@[^@\s]+\.[^@\s]+$""),""Valid"",""Invalid""))"),"Valid") -> Valid | J17: 425439667 | K17: Nova Partners | L17: PERU | M17: =IF(L17="","",IF(OR(LOWER(TRIM(L17))="u.s.a.",LOWER(TRIM(L17))="united states"),"United States",IF(OR(LOWER(TRIM(L17))="spain",LOWER(TRIM(L17))="españa",LOWER(TRIM(L17))="espana"),"Spain",IF(OR(LOWER(TRIM(L17))="mexico",LOWER(TRIM(L17))="méxico"),"Mexico",PROPER(LOWER(TRIM(L17))))))) -> Peru | N17: Organic Search | O17: Document Processing | P17: Lost | Q17: =IF(P17="","",PROPER(LOWER(TRIM(P17)))) -> Lost | R17: 350 | S17: 46137 | T17: 46175 | U17: Follow up next week
A18: ALM-0017 | B18: Javier Martínez | C18: javier.martinez59@mail.com | D18: =LOWER(TRIM(C18)) -> javier.martinez59@mail.com | G18: =IF(D18="","Missing Email",IF(COUNTIF($D$2:$D$201,D18)>1,"Duplicate","Unique")) -> Unique | I18: =IFERROR(__xludf.DUMMYFUNCTION("IF(C18="""",""Missing"",IF(REGEXMATCH(C18,""^[^@\s]+@[^@\s]+\.[^@\s]+$""),""Valid"",""Invalid""))"),"Valid") -> Valid | J18: 2133177044 | K18: Apex Solutions | L18: Argentina | M18: =IF(L18="","",IF(OR(LOWER(TRIM(L18))="u.s.a.",LOWER(TRIM(L18))="united states"),"United States",IF(OR(LOWER(TRIM(L18))="spain",LOWER(TRIM(L18))="españa",LOWER(TRIM(L18))="espana"),"Spain",IF(OR(LOWER(TRIM(L18))="mexico",LOWER(TRIM(L18))="méxico"),"Mexico",PROPER(LOWER(TRIM(L18))))))) -> Argentina | N18: Facebook | O18: Document Processing | P18: Qualified | Q18: =IF(P18="","",PROPER(LOWER(TRIM(P18)))) -> Qualified | R18: 2000 | S18: 46045 | T18: 46079 | U18: Requested demo
A19: ALM-0018 | B19: Isabel Gómez | C19: isabel.gomez32@mail.com | D19: =LOWER(TRIM(C19)) -> isabel.gomez32@mail.com | G19: =IF(D19="","Missing Email",IF(COUNTIF($D$2:$D$201,D19)>1,"Duplicate","Unique")) -> Unique | I19: =IFERROR(__xludf.DUMMYFUNCTION("IF(C19="""",""Missing"",IF(REGEXMATCH(C19,""^[^@\s]+@[^@\s]+\.[^@\s]+$""),""Valid"",""Invalid""))"),"Valid") -> Valid | J19: 825136069 | K19: Apex Consulting | L19: Perú | M19: =IF(L19="","",IF(OR(LOWER(TRIM(L19))="u.s.a.",LOWER(TRIM(L19))="united states"),"United States",IF(OR(LOWER(TRIM(L19))="spain",LOWER(TRIM(L19))="españa",LOWER(TRIM(L19))="espana"),"Spain",IF(OR(LOWER(TRIM(L19))="mexico",LOWER(TRIM(L19))="méxico"),"Mexico",PROPER(LOWER(TRIM(L19))))))) -> Perú | N19: Website | O19: Document Processing | P19: Lost | Q19: =IF(P19="","",PROPER(LOWER(TRIM(P19)))) -> Lost | R19: 4500 | S19: 46245 | T19: 46255 | U19: Send proposal
A20: ALM-0019 | B20: Luis Rodríguez | C20: luis.rodriguez98@gmail.com | D20: =LOWER(TRIM(C20)) -> luis.rodriguez98@gmail.com | G20: =IF(D20="","Missing Email",IF(COUNTIF($D$2:$D$201,D20)>1,"Duplicate","Unique")) -> Unique | I20: =IFERROR(__xludf.DUMMYFUNCTION("IF(C20="""",""Missing"",IF(REGEXMATCH(C20,""^[^@\s]+@[^@\s]+\.[^@\s]+$""),""Valid"",""Invalid""))"),"Valid") -> Valid | J20: +51 380 353 771 | K20: Atlas Consulting | L20: PERU | M20: =IF(L20="","",IF(OR(LOWER(TRIM(L20))="u.s.a.",LOWER(TRIM(L20))="united states"),"United States",IF(OR(LOWER(TRIM(L20))="spain",LOWER(TRIM(L20))="españa",LOWER(TRIM(L20))="espana"),"Spain",IF(OR(LOWER(TRIM(L20))="mexico",LOWER(TRIM(L20))="méxico"),"Mexico",PROPER(LOWER(TRIM(L20))))))) -> Peru | N20: Referral | O20: Data Automation | P20: New | Q20: =IF(P20="","",PROPER(LOWER(TRIM(P20)))) -> New | R20: 3000 | S20: 46037 | T20: 46053 | U20: Needs pricing
A21: ALM-0020 | B21: Natalia Díaz | C21: natalia.diaz38@mail.com | D21: =LOWER(TRIM(C21)) -> natalia.diaz38@mail.com | G21: =IF(D21="","Missing Email",IF(COUNTIF($D$2:$D$201,D21)>1,"Duplicate","Unique")) -> Unique | I21: =IFERROR(__xludf.DUMMYFUNCTION("IF(C21="""",""Missing"",IF(REGEXMATCH(C21,""^[^@\s]+@[^@\s]+\.[^@\s]+$""),""Valid"",""Invalid""))"),"Valid") -> Valid | J21: +503 574 493 38 | K21: Prime Group | L21: EL SALVADOR | M21: =IF(L21="","",IF(OR(LOWER(TRIM(L21))="u.s.a.",LOWER(TRIM(L21))="united states"),"United States",IF(OR(LOWER(TRIM(L21))="spain",LOWER(TRIM(L21))="españa",LOWER(TRIM(L21))="espana"),"Spain",IF(OR(LOWER(TRIM(L21))="mexico",LOWER(TRIM(L21))="méxico"),"Mexico",PROPER(LOWER(TRIM(L21))))))) -> El Salvador | N21: Referral | O21: Document Processing | P21: Contacted | Q21: =IF(P21="","",PROPER(LOWER(TRIM(P21)))) -> Contacted | R21: 1200 | S21: 46231 | T21: 46231
A22: ALM-0021 | B22: Daniel Flores | C22: daniel.flores94@outlook.com | D22: =LOWER(TRIM(C22)) -> daniel.flores94@outlook.com | G22: =IF(D22="","Missing Email",IF(COUNTIF($D$2:$D$201,D22)>1,"Duplicate","Unique")) -> Unique | I22: =IFERROR(__xludf.DUMMYFUNCTION("IF(C22="""",""Missing"",IF(REGEXMATCH(C22,""^[^@\s]+@[^@\s]+\.[^@\s]+$""),""Valid"",""Invalid""))"),"Valid") -> Valid | J22: 61320024 | K22: Urban Commerce | L22: El Salvador | M22: =IF(L22="","",IF(OR(LOWER(TRIM(L22))="u.s.a.",LOWER(TRIM(L22))="united states"),"United States",IF(OR(LOWER(TRIM(L22))="spain",LOWER(TRIM(L22))="españa",LOWER(TRIM(L22))="espana"),"Spain",IF(OR(LOWER(TRIM(L22))="mexico",LOWER(TRIM(L22))="méxico"),"Mexico",PROPER(LOWER(TRIM(L22))))))) -> El Salvador | N22: Instagram | O22: Data Automation | P22: New | Q22: =IF(P22="","",PROPER(LOWER(TRIM(P22)))) -> New | R22: 500 | S22: 46232 | T22: 46263 | U22: Needs pricing
A23: ALM-0060 | B23: Carlos Pérez | C23: carlos.perez33@gmail.com | D23: =LOWER(TRIM(C23)) -> carlos.perez33@gmail.com | G23: =IF(D23="","Missing Email",IF(COUNTIF($D$2:$D$201,D23)>1,"Duplicate","Unique")) -> Duplicate | I23: =IFERROR(__xludf.DUMMYFUNCTION("IF(C23="""",""Missing"",IF(REGEXMATCH(C23,""^[^@\s]+@[^@\s]+\.[^@\s]+$""),""Valid"",""Invalid""))"),"Valid") -> Valid | J23: +1-3771357664 | K23: Bright Works | L23: united states | M23: =IF(L23="","",IF(OR(LOWER(TRIM(L23))="u.s.a.",LOWER(TRIM(L23))="united states"),"United States",IF(OR(LOWER(TRIM(L23))="spain",LOWER(TRIM(L23))="españa",LOWER(TRIM(L23))="espana"),"Spain",IF(OR(LOWER(TRIM(L23))="mexico",LOWER(TRIM(L23))="méxico"),"Mexico",PROPER(LOWER(TRIM(L23))))))) -> United States | N23: Referral | O23: Document Processing | P23: Qualified | Q23: =IF(P23="","",PROPER(LOWER(TRIM(P23)))) -> Qualified | R23: 1500 | S23: 46253 | T23: 46275 | U23: Interested in automation
A24: ALM-0023 | B24: Raúl Hernández | C24: raul.hernandez69@company.com | D24: =LOWER(TRIM(C24)) -> raul.hernandez69@company.com | G24: =IF(D24="","Missing Email",IF(COUNTIF($D$2:$D$201,D24)>1,"Duplicate","Unique")) -> Unique | I24: =IFERROR(__xludf.DUMMYFUNCTION("IF(C24="""",""Missing"",IF(REGEXMATCH(C24,""^[^@\s]+@[^@\s]+\.[^@\s]+$""),""Valid"",""Invalid""))"),"Valid") -> Valid | J24: 1239353409 | K24: Vertex Solutions | L24: argentina | M24: =IF(L24="","",IF(OR(LOWER(TRIM(L24))="u.s.a.",LOWER(TRIM(L24))="united states"),"United States",IF(OR(LOWER(TRIM(L24))="spain",LOWER(TRIM(L24))="españa",LOWER(TRIM(L24))="espana"),"Spain",IF(OR(LOWER(TRIM(L24))="mexico",LOWER(TRIM(L24))="méxico"),"Mexico",PROPER(LOWER(TRIM(L24))))))) -> Argentina | N24: Organic Search | O24: AI Voice Agent | P24: Contacted | Q24: =IF(P24="","",PROPER(LOWER(TRIM(P24)))) -> Contacted | R24: 750 | S24: 46149 | T24: 46157 | U24: Interested in automation
A25: ALM-0024 | B25: Sergio Hernández | C25: sergio.hernandez12@outlook.com | D25: =LOWER(TRIM(C25)) -> sergio.hernandez12@outlook.com | G25: =IF(D25="","Missing Email",IF(COUNTIF($D$2:$D$201,D25)>1,"Duplicate","Unique")) -> Unique | I25: =IFERROR(__xludf.DUMMYFUNCTION("IF(C25="""",""Missing"",IF(REGEXMATCH(C25,""^[^@\s]+@[^@\s]+\.[^@\s]+$""),""Valid"",""Invalid""))"),"Valid") -> Valid | J25: +57 299 254 3784 | K25: Sol Commerce | L25: colombia | M25: =IF(L25="","",IF(OR(LOWER(TRIM(L25))="u.s.a.",LOWER(TRIM(L25))="united states"),"United States",IF(OR(LOWER(TRIM(L25))="spain",LOWER(TRIM(L25))="españa",LOWER(TRIM(L25))="espana"),"Spain",IF(OR(LOWER(TRIM(L25))="mexico",LOWER(TRIM(L25))="méxico"),"Mexico",PROPER(LOWER(TRIM(L25))))))) -> Colombia | N25: Website | O25: Data Automation | P25: Won | Q25: =IF(P25="","",PROPER(LOWER(TRIM(P25)))) -> Won | R25: 2500 | S25: 46033 | T25: 46069 | U25: Interested in automation
A26: ALM-0025 | B26: Paula Díaz | C26: paula.diaz76@mail.com | D26: =LOWER(TRIM(C26)) -> paula.diaz76@mail.com | G26: =IF(D26="","Missing Email",IF(COUNTIF($D$2:$D$201,D26)>1,"Duplicate","Unique")) -> Unique | I26: =IFERROR(__xludf.DUMMYFUNCTION("IF(C26="""",""Missing"",IF(REGEXMATCH(C26,""^[^@\s]+@[^@\s]+\.[^@\s]+$""),""Valid"",""Invalid""))"),"Valid") -> Valid | K26: MOMENTUM SERVICES | L26: Peru | M26: =IF(L26="","",IF(OR(LOWER(TRIM(L26))="u.s.a.",LOWER(TRIM(L26))="united states"),"United States",IF(OR(LOWER(TRIM(L26))="spain",LOWER(TRIM(L26))="españa",LOWER(TRIM(L26))="espana"),"Spain",IF(OR(LOWER(TRIM(L26))="mexico",LOWER(TRIM(L26))="méxico"),"Mexico",PROPER(LOWER(TRIM(L26))))))) -> Peru | N26: Referral | O26: Workflow Automation | P26: Qualified | Q26: =IF(P26="","",PROPER(LOWER(TRIM(P26)))) -> Qualified | R26: 4500 | S26: 46032 | T26: 46068
A27: ALM-0026 | B27: Diego García | C27: diego.garcia78@gmail.com | D27: =LOWER(TRIM(C27)) -> diego.garcia78@gmail.com | G27: =IF(D27="","Missing Email",IF(COUNTIF($D$2:$D$201,D27)>1,"Duplicate","Unique")) -> Unique | I27: =IFERROR(__xludf.DUMMYFUNCTION("IF(C27="""",""Missing"",IF(REGEXMATCH(C27,""^[^@\s]+@[^@\s]+\.[^@\s]+$""),""Valid"",""Invalid""))"),"Valid") -> Valid | J27: 2309827434 | K27: Vision Services | L27: ARGENTINA | M27: =IF(L27="","",IF(OR(LOWER(TRIM(L27))="u.s.a.",LOWER(TRIM(L27))="united states"),"United States",IF(OR(LOWER(TRIM(L27))="spain",LOWER(TRIM(L27))="españa",LOWER(TRIM(L27))="espana"),"Spain",IF(OR(LOWER(TRIM(L27))="mexico",LOWER(TRIM(L27))="méxico"),"Mexico",PROPER(LOWER(TRIM(L27))))))) -> Argentina | N27: Organic Search | O27: Workflow Automation | P27: New | Q27: =IF(P27="","",PROPER(LOWER(TRIM(P27)))) -> New | R27: 1500 | S27: 46253 | T27: 46286 | U27: Requested demo
A28: ALM-0027 | B28: Daniel Pérez | C28: daniel.perez13 @ gmail.com | D28: =LOWER(TRIM(C28)) -> daniel.perez13 @ gmail.com | E28: AUTO-FIX — Remove internal spaces | F28: daniel.perez13@gmail.com | G28: =IF(D28="","Missing Email",IF(COUNTIF($D$2:$D$201,D28)>1,"Duplicate","Unique")) -> Unique | I28: =IFERROR(__xludf.DUMMYFUNCTION("IF(C28="""",""Missing"",IF(REGEXMATCH(C28,""^[^@\s]+@[^@\s]+\.[^@\s]+$""),""Valid"",""Invalid""))"),"Invalid") -> Invalid | K28: Bright Solutions | L28: argentina | M28: =IF(L28="","",IF(OR(LOWER(TRIM(L28))="u.s.a.",LOWER(TRIM(L28))="united states"),"United States",IF(OR(LOWER(TRIM(L28))="spain",LOWER(TRIM(L28))="españa",LOWER(TRIM(L28))="espana"),"Spain",IF(OR(LOWER(TRIM(L28))="mexico",LOWER(TRIM(L28))="méxico"),"Mexico",PROPER(LOWER(TRIM(L28))))))) -> Argentina | N28: Instagram | O28: Data Automation | P28: Won | Q28: =IF(P28="","",PROPER(LOWER(TRIM(P28)))) -> Won | R28: 350 | S28: 46121 | T28: 46153 | U28: Send proposal
A29: ALM-0028 | B29: Fernando Morales | C29: fernando.morales39@company.com | D29: =LOWER(TRIM(C29)) -> fernando.morales39@company.com | G29: =IF(D29="","Missing Email",IF(COUNTIF($D$2:$D$201,D29)>1,"Duplicate","Unique")) -> Unique | I29: =IFERROR(__xludf.DUMMYFUNCTION("IF(C29="""",""Missing"",IF(REGEXMATCH(C29,""^[^@\s]+@[^@\s]+\.[^@\s]+$""),""Valid"",""Invalid""))"),"Valid") -> Valid | J29: +54 5898158879 | K29: Prime Labs | L29: ARGENTINA | M29: =IF(L29="","",IF(OR(LOWER(TRIM(L29))="u.s.a.",LOWER(TRIM(L29))="united states"),"United States",IF(OR(LOWER(TRIM(L29))="spain",LOWER(TRIM(L29))="españa",LOWER(TRIM(L29))="espana"),"Spain",IF(OR(LOWER(TRIM(L29))="mexico",LOWER(TRIM(L29))="méxico"),"Mexico",PROPER(LOWER(TRIM(L29))))))) -> Argentina | N29: Website | O29: AI Voice Agent | P29: Won | Q29: =IF(P29="","",PROPER(LOWER(TRIM(P29)))) -> Won | R29: 4500 | S29: 46206 | T29: 46206 | U29: Interested in automation
A30: ALM-0029 | B30: Alejandro Torres | C30: alejandro.torres56@company.com | D30: =LOWER(TRIM(C30)) -> alejandro.torres56@company.com | G30: =IF(D30="","Missing Email",IF(COUNTIF($D$2:$D$201,D30)>1,"Duplicate","Unique")) -> Unique | I30: =IFERROR(__xludf.DUMMYFUNCTION("IF(C30="""",""Missing"",IF(REGEXMATCH(C30,""^[^@\s]+@[^@\s]+\.[^@\s]+$""),""Valid"",""Invalid""))"),"Valid") -> Valid | J30: +52 0203959259 | K30: Cloud Commerce | L30: Mexico | M30: =IF(L30="","",IF(OR(LOWER(TRIM(L30))="u.s.a.",LOWER(TRIM(L30))="united states"),"United States",IF(OR(LOWER(TRIM(L30))="spain",LOWER(TRIM(L30))="españa",LOWER(TRIM(L30))="espana"),"Spain",IF(OR(LOWER(TRIM(L30))="mexico",LOWER(TRIM(L30))="méxico"),"Mexico",PROPER(LOWER(TRIM(L30))))))) -> Mexico | N30: Organic Search | O30: AI Voice Agent | P30: Qualified | Q30: =IF(P30="","",PROPER(LOWER(TRIM(P30)))) -> Qualified | R30: 3000 | S30: 46103 | T30: 46112
A31: ALM-0030 | B31: Alejandro Ramírez | C31: alejandro.ramirez44@company.com | D31: =LOWER(TRIM(C31)) -> alejandro.ramirez44@company.com | G31: =IF(D31="","Missing Email",IF(COUNTIF($D$2:$D$201,D31)>1,"Duplicate","Unique")) -> Unique | I31: =IFERROR(__xludf.DUMMYFUNCTION("IF(C31="""",""Missing"",IF(REGEXMATCH(C31,""^[^@\s]+@[^@\s]+\.[^@\s]+$""),""Valid"",""Invalid""))"),"Valid") -> Valid | L31: chile | M31: =IF(L31="","",IF(OR(LOWER(TRIM(L31))="u.s.a.",LOWER(TRIM(L31))="united states"),"United States",IF(OR(LOWER(TRIM(L31))="spain",LOWER(TRIM(L31))="españa",LOWER(TRIM(L31))="espana"),"Spain",IF(OR(LOWER(TRIM(L31))="mexico",LOWER(TRIM(L31))="méxico"),"Mexico",PROPER(LOWER(TRIM(L31))))))) -> Chile | N31: Facebook | O31: Data Automation | P31: New | Q31: =IF(P31="","",PROPER(LOWER(TRIM(P31)))) -> New | R31: 2500 | S31: 46134 | T31: 46169 | U31: Interested in automation
A32: ALM-0031 | B32: Raúl Rodríguez | C32: raul.rodriguez57@gmail.com | D32: =LOWER(TRIM(C32)) -> raul.rodriguez57@gmail.com | G32: =IF(D32="","Missing Email",IF(COUNTIF($D$2:$D$201,D32)>1,"Duplicate","Unique")) -> Unique | I32: =IFERROR(__xludf.DUMMYFUNCTION("IF(C32="""",""Missing"",IF(REGEXMATCH(C32,""^[^@\s]+@[^@\s]+\.[^@\s]+$""),""Valid"",""Invalid""))"),"Valid") -> Valid | J32: +52-8554682838 | K32: Blue Studio | L32: México | M32: =IF(L32="","",IF(OR(LOWER(TRIM(L32))="u.s.a.",LOWER(TRIM(L32))="united states"),"United States",IF(OR(LOWER(TRIM(L32))="spain",LOWER(TRIM(L32))="españa",LOWER(TRIM(L32))="espana"),"Spain",IF(OR(LOWER(TRIM(L32))="mexico",LOWER(TRIM(L32))="méxico"),"Mexico",PROPER(LOWER(TRIM(L32))))))) -> Mexico | N32: Facebook | O32: Document Processing | P32: Proposal Sent | Q32: =IF(P32="","",PROPER(LOWER(TRIM(P32)))) -> Proposal Sent | R32: 750 | S32: 46183 | T32: 46216
A33: ALM-0032 | B33: Diego Navarro | C33: diego.navarro64@mail.com | D33: =LOWER(TRIM(C33)) -> diego.navarro64@mail.com | G33: =IF(D33="","Missing Email",IF(COUNTIF($D$2:$D$201,D33)>1,"Duplicate","Unique")) -> Unique | I33: =IFERROR(__xludf.DUMMYFUNCTION("IF(C33="""",""Missing"",IF(REGEXMATCH(C33,""^[^@\s]+@[^@\s]+\.[^@\s]+$""),""Valid"",""Invalid""))"),"Valid") -> Valid | K33: Blue Services | L33: Salvador | M33: =IF(L33="","",IF(OR(LOWER(TRIM(L33))="u.s.a.",LOWER(TRIM(L33))="united states"),"United States",IF(OR(LOWER(TRIM(L33))="spain",LOWER(TRIM(L33))="españa",LOWER(TRIM(L33))="espana"),"Spain",IF(OR(LOWER(TRIM(L33))="mexico",LOWER(TRIM(L33))="méxico"),"Mexico",PROPER(LOWER(TRIM(L33))))))) -> Salvador | N33: Organic Search | O33: Website Chat Agent | P33: New | Q33: =IF(P33="","",PROPER(LOWER(TRIM(P33)))) -> New | S33: 46095 | T33: 46099 | U33: Interested in automation
A34: ALM-0033 | B34: Andrés Sánchez | C34: andres.sanchez74@outlook.com | D34: =LOWER(TRIM(C34)) -> andres.sanchez74@outlook.com | G34: =IF(D34="","Missing Email",IF(COUNTIF($D$2:$D$201,D34)>1,"Duplicate","Unique")) -> Unique | I34: =IFERROR(__xludf.DUMMYFUNCTION("IF(C34="""",""Missing"",IF(REGEXMATCH(C34,""^[^@\s]+@[^@\s]+\.[^@\s]+$""),""Valid"",""Invalid""))"),"Valid") -> Valid | J34: +1-4772755215 | K34: Urban Works | L34: United States | M34: =IF(L34="","",IF(OR(LOWER(TRIM(L34))="u.s.a.",LOWER(TRIM(L34))="united states"),"United States",IF(OR(LOWER(TRIM(L34))="spain",LOWER(TRIM(L34))="españa",LOWER(TRIM(L34))="espana"),"Spain",IF(OR(LOWER(TRIM(L34))="mexico",LOWER(TRIM(L34))="méxico"),"Mexico",PROPER(LOWER(TRIM(L34))))))) -> United States | N34: Organic Search | O34: Website Chat Agent | P34: Won | Q34: =IF(P34="","",PROPER(LOWER(TRIM(P34)))) -> Won | R34: 750 | S34: 46190 | T34: 46192 | U34: Requested demo
A35: ALM-0034 | B35: Manuel Morales | C35: manuel.morales27@gmail.com | D35: =LOWER(TRIM(C35)) -> manuel.morales27@gmail.com | G35: =IF(D35="","Missing Email",IF(COUNTIF($D$2:$D$201,D35)>1,"Duplicate","Unique")) -> Unique | I35: =IFERROR(__xludf.DUMMYFUNCTION("IF(C35="""",""Missing"",IF(REGEXMATCH(C35,""^[^@\s]+@[^@\s]+\.[^@\s]+$""),""Valid"",""Invalid""))"),"Valid") -> Valid | J35: 881839487 | K35: Sol Labs | L35: peru | M35: =IF(L35="","",IF(OR(LOWER(TRIM(L35))="u.s.a.",LOWER(TRIM(L35))="united states"),"United States",IF(OR(LOWER(TRIM(L35))="spain",LOWER(TRIM(L35))="españa",LOWER(TRIM(L35))="espana"),"Spain",IF(OR(LOWER(TRIM(L35))="mexico",LOWER(TRIM(L35))="méxico"),"Mexico",PROPER(LOWER(TRIM(L35))))))) -> Peru | N35: Website | O35: AI Voice Agent | P35: Won | Q35: =IF(P35="","",PROPER(LOWER(TRIM(P35)))) -> Won | R35: 3000 | S35: 46030 | T35: 46052 | U35: Follow up next week
A36: ALM-0035 | B36: Alejandro Sánchez | C36: alejandro.sanchez42@mail.com | D36: =LOWER(TRIM(C36)) -> alejandro.sanchez42@mail.com | G36: =IF(D36="","Missing Email",IF(COUNTIF($D$2:$D$201,D36)>1,"Duplicate","Unique")) -> Unique | I36: =IFERROR(__xludf.DUMMYFUNCTION("IF(C36="""",""Missing"",IF(REGEXMATCH(C36,""^[^@\s]+@[^@\s]+\.[^@\s]+$""),""Valid"",""Invalid""))"),"Valid") -> Valid | J36: +57 406 830 4098 | K36: Apex Services | L36: colombia | M36: =IF(L36="","",IF(OR(LOWER(TRIM(L36))="u.s.a.",LOWER(TRIM(L36))="united states"),"United States",IF(OR(LOWER(TRIM(L36))="spain",LOWER(TRIM(L36))="españa",LOWER(TRIM(L36))="espana"),"Spain",IF(OR(LOWER(TRIM(L36))="mexico",LOWER(TRIM(L36))="méxico"),"Mexico",PROPER(LOWER(TRIM(L36))))))) -> Colombia | N36: Instagram | O36: Data Automation | P36: Lost | Q36: =IF(P36="","",PROPER(LOWER(TRIM(P36)))) -> Lost | R36: 500 | S36: 46092 | T36: 46135
A37: ALM-0036 | B37: Patricia Díaz | C37: patricia.diaz43@company.com | D37: =LOWER(TRIM(C37)) -> patricia.diaz43@company.com | G37: =IF(D37="","Missing Email",IF(COUNTIF($D$2:$D$201,D37)>1,"Duplicate","Unique")) -> Unique | I37: =IFERROR(__xludf.DUMMYFUNCTION("IF(C37="""",""Missing"",IF(REGEXMATCH(C37,""^[^@\s]+@[^@\s]+\.[^@\s]+$""),""Valid"",""Invalid""))"),"Valid") -> Valid | J37: +503 323 170 50 | K37: Vertex Labs | L37: El Salvador | M37: =IF(L37="","",IF(OR(LOWER(TRIM(L37))="u.s.a.",LOWER(TRIM(L37))="united states"),"United States",IF(OR(LOWER(TRIM(L37))="spain",LOWER(TRIM(L37))="españa",LOWER(TRIM(L37))="espana"),"Spain",IF(OR(LOWER(TRIM(L37))="mexico",LOWER(TRIM(L37))="méxico"),"Mexico",PROPER(LOWER(TRIM(L37))))))) -> El Salvador | N37: Organic Search | O37: Website Chat Agent | P37: Proposal Sent | Q37: =IF(P37="","",PROPER(LOWER(TRIM(P37)))) -> Proposal Sent | R37: 4500 | S37: 46035 | T37: 46080 | U37: Needs pricing
A38: ALM-0037 | B38: David Torres | C38: david.torres10@company.com | D38: =LOWER(TRIM(C38)) -> david.torres10@company.com | G38: =IF(D38="","Missing Email",IF(COUNTIF($D$2:$D$201,D38)>1,"Duplicate","Unique")) -> Unique | I38: =IFERROR(__xludf.DUMMYFUNCTION("IF(C38="""",""Missing"",IF(REGEXMATCH(C38,""^[^@\s]+@[^@\s]+\.[^@\s]+$""),""Valid"",""Invalid""))"),"Valid") -> Valid | J38: +56 625 147 716 | K38: Bright Commerce | L38: CHILE | M38: =IF(L38="","",IF(OR(LOWER(TRIM(L38))="u.s.a.",LOWER(TRIM(L38))="united states"),"United States",IF(OR(LOWER(TRIM(L38))="spain",LOWER(TRIM(L38))="españa",LOWER(TRIM(L38))="espana"),"Spain",IF(OR(LOWER(TRIM(L38))="mexico",LOWER(TRIM(L38))="méxico"),"Mexico",PROPER(LOWER(TRIM(L38))))))) -> Chile | N38: Referral | O38: Website Chat Agent | P38: Lost | Q38: =IF(P38="","",PROPER(LOWER(TRIM(P38)))) -> Lost | R38: 3000 | S38: 46134 | T38: 46154 | U38: Requested demo
A39: ALM-0038 | B39: Fernando Romero | C39: fernando.romero63@gmail.com | D39: =LOWER(TRIM(C39)) -> fernando.romero63@gmail.com | G39: =IF(D39="","Missing Email",IF(COUNTIF($D$2:$D$201,D39)>1,"Duplicate","Unique")) -> Unique | I39: =IFERROR(__xludf.DUMMYFUNCTION("IF(C39="""",""Missing"",IF(REGEXMATCH(C39,""^[^@\s]+@[^@\s]+\.[^@\s]+$""),""Valid"",""Invalid""))"),"Valid") -> Valid | J39: 5161885601 | K39: Apex Labs | L39: COLOMBIA | M39: =IF(L39="","",IF(OR(LOWER(TRIM(L39))="u.s.a.",LOWER(TRIM(L39))="united states"),"United States",IF(OR(LOWER(TRIM(L39))="spain",LOWER(TRIM(L39))="españa",LOWER(TRIM(L39))="espana"),"Spain",IF(OR(LOWER(TRIM(L39))="mexico",LOWER(TRIM(L39))="méxico"),"Mexico",PROPER(LOWER(TRIM(L39))))))) -> Colombia | N39: LinkedIn | O39: Data Automation | P39: Proposal Sent | Q39: =IF(P39="","",PROPER(LOWER(TRIM(P39)))) -> Proposal Sent | R39: 350 | S39: 46153 | T39: 46161 | U39: Send proposal
A40: ALM-0039 | B40: Fernando Rivera | C40: fernando.rivera80@company.com | D40: =LOWER(TRIM(C40)) -> fernando.rivera80@company.com | G40: =IF(D40="","Missing Email",IF(COUNTIF($D$2:$D$201,D40)>1,"Duplicate","Unique")) -> Unique | I40: =IFERROR(__xludf.DUMMYFUNCTION("IF(C40="""",""Missing"",IF(REGEXMATCH(C40,""^[^@\s]+@[^@\s]+\.[^@\s]+$""),""Valid"",""Invalid""))"),"Valid") -> Valid | J40: +57 1778362014 | L40: colombia | M40: =IF(L40="","",IF(OR(LOWER(TRIM(L40))="u.s.a.",LOWER(TRIM(L40))="united states"),"United States",IF(OR(LOWER(TRIM(L40))="spain",LOWER(TRIM(L40))="españa",LOWER(TRIM(L40))="espana"),"Spain",IF(OR(LOWER(TRIM(L40))="mexico",LOWER(TRIM(L40))="méxico"),"Mexico",PROPER(LOWER(TRIM(L40))))))) -> Colombia | N40: Instagram | O40: Workflow Automation | P40: Won | Q40: =IF(P40="","",PROPER(LOWER(TRIM(P40)))) -> Won | R40: 350 | S40: 46090 | T40: 46090 | U40: Interested in automation
A41: ALM-0040 | B41: Isabel Ortiz | C41: isabel.ortiz36@mail.com | D41: =LOWER(TRIM(C41)) -> isabel.ortiz36@mail.com | G41: =IF(D41="","Missing Email",IF(COUNTIF($D$2:$D$201,D41)>1,"Duplicate","Unique")) -> Unique | I41: =IFERROR(__xludf.DUMMYFUNCTION("IF(C41="""",""Missing"",IF(REGEXMATCH(C41,""^[^@\s]+@[^@\s]+\.[^@\s]+$""),""Valid"",""Invalid""))"),"Valid") -> Valid | J41: +51 652057098 | K41: Momentum Works | L41: Peru | M41: =IF(L41="","",IF(OR(LOWER(TRIM(L41))="u.s.a.",LOWER(TRIM(L41))="united states"),"United States",IF(OR(LOWER(TRIM(L41))="spain",LOWER(TRIM(L41))="españa",LOWER(TRIM(L41))="espana"),"Spain",IF(OR(LOWER(TRIM(L41))="mexico",LOWER(TRIM(L41))="méxico"),"Mexico",PROPER(LOWER(TRIM(L41))))))) -> Peru | N41: Website | O41: Workflow Automation | P41: Won | Q41: =IF(P41="","",PROPER(LOWER(TRIM(P41)))) -> Won | R41: 2000 | S41: 46068 | T41: 46107 | U41: Needs pricing
A42: ALM-0041 | B42: Lucía Sánchez | C42: lucia.sanchez5 @ outlook.com | D42: =LOWER(TRIM(C42)) -> lucia.sanchez5 @ outlook.com | E42: AUTO-FIX — Remove internal spaces | F42: lucia.sanchez5@outlook.com | G42: =IF(D42="","Missing Email",IF(COUNTIF($D$2:$D$201,D42)>1,"Duplicate","Unique")) -> Unique | I42: =IFERROR(__xludf.DUMMYFUNCTION("IF(C42="""",""Missing"",IF(REGEXMATCH(C42,""^[^@\s]+@[^@\s]+\.[^@\s]+$""),""Valid"",""Invalid""))"),"Invalid") -> Invalid | J42: +503 311 113 05 | K42: Cloud Labs | L42: EL SALVADOR | M42: =IF(L42="","",IF(OR(LOWER(TRIM(L42))="u.s.a.",LOWER(TRIM(L42))="united states"),"United States",IF(OR(LOWER(TRIM(L42))="spain",LOWER(TRIM(L42))="españa",LOWER(TRIM(L42))="espana"),"Spain",IF(OR(LOWER(TRIM(L42))="mexico",LOWER(TRIM(L42))="méxico"),"Mexico",PROPER(LOWER(TRIM(L42))))))) -> El Salvador | N42: Facebook | O42: Workflow Automation | P42: Proposal Sent | Q42: =IF(P42="","",PROPER(LOWER(TRIM(P42)))) -> Proposal Sent | R42: 350 | S42: 46116 | U42: Needs pricing
A43: ALM-0042 | B43: Carolina Flores | C43: carolina.flores80@mail.com | D43: =LOWER(TRIM(C43)) -> carolina.flores80@mail.com | G43: =IF(D43="","Missing Email",IF(COUNTIF($D$2:$D$201,D43)>1,"Duplicate","Unique")) -> Unique | I43: =IFERROR(__xludf.DUMMYFUNCTION("IF(C43="""",""Missing"",IF(REGEXMATCH(C43,""^[^@\s]+@[^@\s]+\.[^@\s]+$""),""Valid"",""Invalid""))"),"Valid") -> Valid | J43: +1-3605265298 | K43: Vertex Labs | L43: united states | M43: =IF(L43="","",IF(OR(LOWER(TRIM(L43))="u.s.a.",LOWER(TRIM(L43))="united states"),"United States",IF(OR(LOWER(TRIM(L43))="spain",LOWER(TRIM(L43))="españa",LOWER(TRIM(L43))="espana"),"Spain",IF(OR(LOWER(TRIM(L43))="mexico",LOWER(TRIM(L43))="méxico"),"Mexico",PROPER(LOWER(TRIM(L43))))))) -> United States | N43: Website | O43: Data Automation | P43: Qualified | Q43: =IF(P43="","",PROPER(LOWER(TRIM(P43)))) -> Qualified | R43: 4500 | S43: 46155 | T43: 46174 | U43: Follow up next week
A44: ALM-0043 | B44: Sofía Morales | C44: sofia.morales41@gmail.com | D44: =LOWER(TRIM(C44)) -> sofia.morales41@gmail.com | G44: =IF(D44="","Missing Email",IF(COUNTIF($D$2:$D$201,D44)>1,"Duplicate","Unique")) -> Unique | I44: =IFERROR(__xludf.DUMMYFUNCTION("IF(C44="""",""Missing"",IF(REGEXMATCH(C44,""^[^@\s]+@[^@\s]+\.[^@\s]+$""),""Valid"",""Invalid""))"),"Valid") -> Valid | J44: +56-143908964 | K44: Prime Media | L44: Chile | M44: =IF(L44="","",IF(OR(LOWER(TRIM(L44))="u.s.a.",LOWER(TRIM(L44))="united states"),"United States",IF(OR(LOWER(TRIM(L44))="spain",LOWER(TRIM(L44))="españa",LOWER(TRIM(L44))="espana"),"Spain",IF(OR(LOWER(TRIM(L44))="mexico",LOWER(TRIM(L44))="méxico"),"Mexico",PROPER(LOWER(TRIM(L44))))))) -> Chile | N44: Referral | O44: Data Automation | P44: Lost | Q44: =IF(P44="","",PROPER(LOWER(TRIM(P44)))) -> Lost | R44: 900 | S44: 46264 | T44: 46289 | U44: Send proposal
A45: ALM-0044 | B45: María Ortiz | C45: maria.ortiz54@outlook.com | D45: =LOWER(TRIM(C45)) -> maria.ortiz54@outlook.com | G45: =IF(D45="","Missing Email",IF(COUNTIF($D$2:$D$201,D45)>1,"Duplicate","Unique")) -> Unique | I45: =IFERROR(__xludf.DUMMYFUNCTION("IF(C45="""",""Missing"",IF(REGEXMATCH(C45,""^[^@\s]+@[^@\s]+\.[^@\s]+$""),""Valid"",""Invalid""))"),"Valid") -> Valid | J45: +57 270 603 6025 | K45: Blue Media | L45: Colombia | M45: =IF(L45="","",IF(OR(LOWER(TRIM(L45))="u.s.a.",LOWER(TRIM(L45))="united states"),"United States",IF(OR(LOWER(TRIM(L45))="spain",LOWER(TRIM(L45))="españa",LOWER(TRIM(L45))="espana"),"Spain",IF(OR(LOWER(TRIM(L45))="mexico",LOWER(TRIM(L45))="méxico"),"Mexico",PROPER(LOWER(TRIM(L45))))))) -> Colombia | N45: LinkedIn | O45: Data Automation | P45: Contacted | Q45: =IF(P45="","",PROPER(LOWER(TRIM(P45)))) -> Contacted | R45: 1500 | S45: 46053 | T45: 46068 | U45: Interested in automation
A46: ALM-0045 | B46: natalia sánchez | C46: natalia.sanchez62@company.com | D46: =LOWER(TRIM(C46)) -> natalia.sanchez62@company.com | G46: =IF(D46="","Missing Email",IF(COUNTIF($D$2:$D$201,D46)>1,"Duplicate","Unique")) -> Unique | I46: =IFERROR(__xludf.DUMMYFUNCTION("IF(C46="""",""Missing"",IF(REGEXMATCH(C46,""^[^@\s]+@[^@\s]+\.[^@\s]+$""),""Valid"",""Invalid""))"),"Valid") -> Valid | J46: +57 999 972 1801 | K46: Green Services | L46: COLOMBIA | M46: =IF(L46="","",IF(OR(LOWER(TRIM(L46))="u.s.a.",LOWER(TRIM(L46))="united states"),"United States",IF(OR(LOWER(TRIM(L46))="spain",LOWER(TRIM(L46))="españa",LOWER(TRIM(L46))="espana"),"Spain",IF(OR(LOWER(TRIM(L46))="mexico",LOWER(TRIM(L46))="méxico"),"Mexico",PROPER(LOWER(TRIM(L46))))))) -> Colombia | N46: Referral | O46: Document Processing | P46: Proposal Sent | Q46: =IF(P46="","",PROPER(LOWER(TRIM(P46)))) -> Proposal Sent | R46: 2000 | S46: 46259 | T46: 46298 | U46: Requested demo
A47: ALM-0046 | B47: Camila Díaz | C47: camila.diaz36@mail.com | D47: =LOWER(TRIM(C47)) -> camila.diaz36@mail.com | G47: =IF(D47="","Missing Email",IF(COUNTIF($D$2:$D$201,D47)>1,"Duplicate","Unique")) -> Unique | I47: =IFERROR(__xludf.DUMMYFUNCTION("IF(C47="""",""Missing"",IF(REGEXMATCH(C47,""^[^@\s]+@[^@\s]+\.[^@\s]+$""),""Valid"",""Invalid""))"),"Valid") -> Valid | J47: +57-5080060809 | K47: Nexo Services | L47: Colombia | M47: =IF(L47="","",IF(OR(LOWER(TRIM(L47))="u.s.a.",LOWER(TRIM(L47))="united states"),"United States",IF(OR(LOWER(TRIM(L47))="spain",LOWER(TRIM(L47))="españa",LOWER(TRIM(L47))="espana"),"Spain",IF(OR(LOWER(TRIM(L47))="mexico",LOWER(TRIM(L47))="méxico"),"Mexico",PROPER(LOWER(TRIM(L47))))))) -> Colombia | N47: Referral | O47: Document Processing | P47: Qualified | Q47: =IF(P47="","",PROPER(LOWER(TRIM(P47)))) -> Qualified | R47: 1500 | S47: 46043 | T47: 46059 | U47: Follow up next week
A48: ALM-0047 | B48: Sofía Vargas | C48: sofia.vargas36@mail.com | D48: =LOWER(TRIM(C48)) -> sofia.vargas36@mail.com | G48: =IF(D48="","Missing Email",IF(COUNTIF($D$2:$D$201,D48)>1,"Duplicate","Unique")) -> Unique | I48: =IFERROR(__xludf.DUMMYFUNCTION("IF(C48="""",""Missing"",IF(REGEXMATCH(C48,""^[^@\s]+@[^@\s]+\.[^@\s]+$""),""Valid"",""Invalid""))"),"Valid") -> Valid | K48: Bright Commerce | L48: U.S.A. | M48: =IF(L48="","",IF(OR(LOWER(TRIM(L48))="u.s.a.",LOWER(TRIM(L48))="united states"),"United States",IF(OR(LOWER(TRIM(L48))="spain",LOWER(TRIM(L48))="españa",LOWER(TRIM(L48))="espana"),"Spain",IF(OR(LOWER(TRIM(L48))="mexico",LOWER(TRIM(L48))="méxico"),"Mexico",PROPER(LOWER(TRIM(L48))))))) -> United States | N48: Instagram | O48: AI Voice Agent | P48: Proposal Sent | Q48: =IF(P48="","",PROPER(LOWER(TRIM(P48)))) -> Proposal Sent | R48: 1500 | S48: 46173 | T48: 46174 | U48: Requested demo
A49: ALM-0048 | B49: Luis Flores | C49: luis.flores7@company.com | D49: =LOWER(TRIM(C49)) -> luis.flores7@company.com | G49: =IF(D49="","Missing Email",IF(COUNTIF($D$2:$D$201,D49)>1,"Duplicate","Unique")) -> Unique | I49: =IFERROR(__xludf.DUMMYFUNCTION("IF(C49="""",""Missing"",IF(REGEXMATCH(C49,""^[^@\s]+@[^@\s]+\.[^@\s]+$""),""Valid"",""Invalid""))"),"Valid") -> Valid | K49: Momentum Solutions | L49: ARGENTINA | M49: =IF(L49="","",IF(OR(LOWER(TRIM(L49))="u.s.a.",LOWER(TRIM(L49))="united states"),"United States",IF(OR(LOWER(TRIM(L49))="spain",LOWER(TRIM(L49))="españa",LOWER(TRIM(L49))="espana"),"Spain",IF(OR(LOWER(TRIM(L49))="mexico",LOWER(TRIM(L49))="méxico"),"Mexico",PROPER(LOWER(TRIM(L49))))))) -> Argentina | N49: LinkedIn | O49: Workflow Automation | P49: qualified | Q49: =IF(P49="","",PROPER(LOWER(TRIM(P49)))) -> Qualified | R49: 1200 | S49: 46187 | T49: 46204
A50: ALM-0192 | B50: Carlos Pérez | C50: CARLOS.PEREZ33@GMAIL.COM | D50: =LOWER(TRIM(C50)) -> carlos.perez33@gmail.com | G50: =IF(D50="","Missing Email",IF(COUNTIF($D$2:$D$201,D50)>1,"Duplicate","Unique")) -> Duplicate | H50: REMOVE — Exact duplicate of ALM-0014 | I50: =IFERROR(__xludf.DUMMYFUNCTION("IF(C50="""",""Missing"",IF(REGEXMATCH(C50,""^[^@\s]+@[^@\s]+\.[^@\s]+$""),""Valid"",""Invalid""))"),"Valid") -> Valid | J50: +1-3771357664 | K50: Bright Works | L50: united states | M50: =IF(L50="","",IF(OR(LOWER(TRIM(L50))="u.s.a.",LOWER(TRIM(L50))="united states"),"United States",IF(OR(LOWER(TRIM(L50))="spain",LOWER(TRIM(L50))="españa",LOWER(TRIM(L50))="espana"),"Spain",IF(OR(LOWER(TRIM(L50))="mexico",LOWER(TRIM(L50))="méxico"),"Mexico",PROPER(LOWER(TRIM(L50))))))) -> United States | N50: Referral | O50: Document Processing | P50: Qualified | Q50: =IF(P50="","",PROPER(LOWER(TRIM(P50)))) -> Qualified | R50: 1500 | S50: 46253 | T50: 46275 | U50: Interested in automation
A51: ALM-0050 | B51: Lucía García | C51: lucia.garcia2@outlook.com | D51: =LOWER(TRIM(C51)) -> lucia.garcia2@outlook.com | G51: =IF(D51="","Missing Email",IF(COUNTIF($D$2:$D$201,D51)>1,"Duplicate","Unique")) -> Unique | I51: =IFERROR(__xludf.DUMMYFUNCTION("IF(C51="""",""Missing"",IF(REGEXMATCH(C51,""^[^@\s]+@[^@\s]+\.[^@\s]+$""),""Valid"",""Invalid""))"),"Valid") -> Valid | J51: +56-890013966 | K51: Apex Solutions | L51: CHILE | M51: =IF(L51="","",IF(OR(LOWER(TRIM(L51))="u.s.a.",LOWER(TRIM(L51))="united states"),"United States",IF(OR(LOWER(TRIM(L51))="spain",LOWER(TRIM(L51))="españa",LOWER(TRIM(L51))="espana"),"Spain",IF(OR(LOWER(TRIM(L51))="mexico",LOWER(TRIM(L51))="méxico"),"Mexico",PROPER(LOWER(TRIM(L51))))))) -> Chile | N51: Instagram | O51: Data Automation | P51: Proposal Sent | Q51: =IF(P51="","",PROPER(LOWER(TRIM(P51)))) -> Proposal Sent | R51: 4500 | S51: 46244 | U51: Requested demo
A52: ALM-0051 | B52: María Sánchez | C52: maria.sanchez18@outlook.com | D52: =LOWER(TRIM(C52)) -> maria.sanchez18@outlook.com | G52: =IF(D52="","Missing Email",IF(COUNTIF($D$2:$D$201,D52)>1,"Duplicate","Unique")) -> Unique | I52: =IFERROR(__xludf.DUMMYFUNCTION("IF(C52="""",""Missing"",IF(REGEXMATCH(C52,""^[^@\s]+@[^@\s]+\.[^@\s]+$""),""Valid"",""Invalid""))"),"Valid") -> Valid | J52: +34 778 887 740 | K52: Nexo Solutions | L52: spain | M52: =IF(L52="","",IF(OR(LOWER(TRIM(L52))="u.s.a.",LOWER(TRIM(L52))="united states"),"United States",IF(OR(LOWER(TRIM(L52))="spain",LOWER(TRIM(L52))="españa",LOWER(TRIM(L52))="espana"),"Spain",IF(OR(LOWER(TRIM(L52))="mexico",LOWER(TRIM(L52))="méxico"),"Mexico",PROPER(LOWER(TRIM(L52))))))) -> Spain | N52: Instagram | O52: Website Chat Agent | P52: New | Q52: =IF(P52="","",PROPER(LOWER(TRIM(P52)))) -> New | R52: 750 | S52: 46260 | T52: 46289 | U52: Requested demo
A53: ALM-0052 | B53: Patricia Rodríguez | C53: patricia.rodriguez52@outlook.com | D53: =LOWER(TRIM(C53)) -> patricia.rodriguez52@outlook.com | G53: =IF(D53="","Missing Email",IF(COUNTIF($D$2:$D$201,D53)>1,"Duplicate","Unique")) -> Unique | I53: =IFERROR(__xludf.DUMMYFUNCTION("IF(C53="""",""Missing"",IF(REGEXMATCH(C53,""^[^@\s]+@[^@\s]+\.[^@\s]+$""),""Valid"",""Invalid""))"),"Valid") -> Valid | J53: 8211396692 | K53: Vertex Services | L53: argentina | M53: =IF(L53="","",IF(OR(LOWER(TRIM(L53))="u.s.a.",LOWER(TRIM(L53))="united states"),"United States",IF(OR(LOWER(TRIM(L53))="spain",LOWER(TRIM(L53))="españa",LOWER(TRIM(L53))="espana"),"Spain",IF(OR(LOWER(TRIM(L53))="mexico",LOWER(TRIM(L53))="méxico"),"Mexico",PROPER(LOWER(TRIM(L53))))))) -> Argentina | N53: LinkedIn | O53: Workflow Automation | P53: Lost | Q53: =IF(P53="","",PROPER(LOWER(TRIM(P53)))) -> Lost | S53: 46259 | T53: 46274 | U53: Interested in automation
A54: ALM-0053 | B54: Natalia Rodríguez | C54: natalia.rodriguez44@mail.com | D54: =LOWER(TRIM(C54)) -> natalia.rodriguez44@mail.com | G54: =IF(D54="","Missing Email",IF(COUNTIF($D$2:$D$201,D54)>1,"Duplicate","Unique")) -> Unique | I54: =IFERROR(__xludf.DUMMYFUNCTION("IF(C54="""",""Missing"",IF(REGEXMATCH(C54,""^[^@\s]+@[^@\s]+\.[^@\s]+$""),""Valid"",""Invalid""))"),"Valid") -> Valid | J54: +51 544 209 389 | K54: Digital Media | L54: PERU | M54: =IF(L54="","",IF(OR(LOWER(TRIM(L54))="u.s.a.",LOWER(TRIM(L54))="united states"),"United States",IF(OR(LOWER(TRIM(L54))="spain",LOWER(TRIM(L54))="españa",LOWER(TRIM(L54))="espana"),"Spain",IF(OR(LOWER(TRIM(L54))="mexico",LOWER(TRIM(L54))="méxico"),"Mexico",PROPER(LOWER(TRIM(L54))))))) -> Peru | N54: Website | O54: Document Processing | P54: Contacted | Q54: =IF(P54="","",PROPER(LOWER(TRIM(P54)))) -> Contacted | R54: 1200 | S54: 46158 | T54: 46171 | U54: Needs pricing
A55: ALM-0054 | B55: María Rodríguez | C55: maria.rodriguez23@gmail.com | D55: =LOWER(TRIM(C55)) -> maria.rodriguez23@gmail.com | G55: =IF(D55="","Missing Email",IF(COUNTIF($D$2:$D$201,D55)>1,"Duplicate","Unique")) -> Unique | I55: =IFERROR(__xludf.DUMMYFUNCTION("IF(C55="""",""Missing"",IF(REGEXMATCH(C55,""^[^@\s]+@[^@\s]+\.[^@\s]+$""),""Valid"",""Invalid""))"),"Valid") -> Valid | J55: 7847790960 | K55: Cloud Media | L55: México | M55: =IF(L55="","",IF(OR(LOWER(TRIM(L55))="u.s.a.",LOWER(TRIM(L55))="united states"),"United States",IF(OR(LOWER(TRIM(L55))="spain",LOWER(TRIM(L55))="españa",LOWER(TRIM(L55))="espana"),"Spain",IF(OR(LOWER(TRIM(L55))="mexico",LOWER(TRIM(L55))="méxico"),"Mexico",PROPER(LOWER(TRIM(L55))))))) -> Mexico | N55: Referral | O55: Website Chat Agent | P55: Lost | Q55: =IF(P55="","",PROPER(LOWER(TRIM(P55)))) -> Lost | R55: 900 | S55: 46029 | T55: 46064 | U55: Follow up next week
A56: ALM-0055 | B56: Ricardo Morales | C56: ricardo.morales60@mail.com | D56: =LOWER(TRIM(C56)) -> ricardo.morales60@mail.com | G56: =IF(D56="","Missing Email",IF(COUNTIF($D$2:$D$201,D56)>1,"Duplicate","Unique")) -> Unique | I56: =IFERROR(__xludf.DUMMYFUNCTION("IF(C56="""",""Missing"",IF(REGEXMATCH(C56,""^[^@\s]+@[^@\s]+\.[^@\s]+$""),""Valid"",""Invalid""))"),"Valid") -> Valid | J56: +503 295 606 49 | K56: Nova Studio | L56: EL SALVADOR | M56: =IF(L56="","",IF(OR(LOWER(TRIM(L56))="u.s.a.",LOWER(TRIM(L56))="united states"),"United States",IF(OR(LOWER(TRIM(L56))="spain",LOWER(TRIM(L56))="españa",LOWER(TRIM(L56))="espana"),"Spain",IF(OR(LOWER(TRIM(L56))="mexico",LOWER(TRIM(L56))="méxico"),"Mexico",PROPER(LOWER(TRIM(L56))))))) -> El Salvador | N56: Facebook | O56: AI Voice Agent | P56: Qualified | Q56: =IF(P56="","",PROPER(LOWER(TRIM(P56)))) -> Qualified | R56: 2000 | S56: 46264 | U56: Send proposal
A57: ALM-0056 | B57: Javier Martínez | C57: JAVIER.MARTINEZ58@MAIL.COM | D57: =LOWER(TRIM(C57)) -> javier.martinez58@mail.com | G57: =IF(D57="","Missing Email",IF(COUNTIF($D$2:$D$201,D57)>1,"Duplicate","Unique")) -> Unique | I57: =IFERROR(__xludf.DUMMYFUNCTION("IF(C57="""",""Missing"",IF(REGEXMATCH(C57,""^[^@\s]+@[^@\s]+\.[^@\s]+$""),""Valid"",""Invalid""))"),"Valid") -> Valid | J57: +54 3292373787 | K57: Blue Media | L57: Argentina | M57: =IF(L57="","",IF(OR(LOWER(TRIM(L57))="u.s.a.",LOWER(TRIM(L57))="united states"),"United States",IF(OR(LOWER(TRIM(L57))="spain",LOWER(TRIM(L57))="españa",LOWER(TRIM(L57))="espana"),"Spain",IF(OR(LOWER(TRIM(L57))="mexico",LOWER(TRIM(L57))="méxico"),"Mexico",PROPER(LOWER(TRIM(L57))))))) -> Argentina | N57: Website | O57: Website Chat Agent | P57: Proposal Sent | Q57: =IF(P57="","",PROPER(LOWER(TRIM(P57)))) -> Proposal Sent | R57: 4500 | S57: 46135 | T57: 46172 | U57: Send proposal
A58: ALM-0057 | B58: Patricia Castro | C58: patricia.castro89@mail.com | D58: =LOWER(TRIM(C58)) -> patricia.castro89@mail.com | G58: =IF(D58="","Missing Email",IF(COUNTIF($D$2:$D$201,D58)>1,"Duplicate","Unique")) -> Unique | I58: =IFERROR(__xludf.DUMMYFUNCTION("IF(C58="""",""Missing"",IF(REGEXMATCH(C58,""^[^@\s]+@[^@\s]+\.[^@\s]+$""),""Valid"",""Invalid""))"),"Valid") -> Valid | J58: +52-0552303571 | K58: Bright Services | L58: MEXICO | M58: =IF(L58="","",IF(OR(LOWER(TRIM(L58))="u.s.a.",LOWER(TRIM(L58))="united states"),"United States",IF(OR(LOWER(TRIM(L58))="spain",LOWER(TRIM(L58))="españa",LOWER(TRIM(L58))="espana"),"Spain",IF(OR(LOWER(TRIM(L58))="mexico",LOWER(TRIM(L58))="méxico"),"Mexico",PROPER(LOWER(TRIM(L58))))))) -> Mexico | N58: Organic Search | O58: Workflow Automation | P58: new | Q58: =IF(P58="","",PROPER(LOWER(TRIM(P58)))) -> New | R58: 4500 | S58: 46066 | T58: 46107 | U58: Requested demo
A59: ALM-0058 | B59: Andrés Morales | C59: andres.morales46@company.com | D59: =LOWER(TRIM(C59)) -> andres.morales46@company.com | G59: =IF(D59="","Missing Email",IF(COUNTIF($D$2:$D$201,D59)>1,"Duplicate","Unique")) -> Unique | I59: =IFERROR(__xludf.DUMMYFUNCTION("IF(C59="""",""Missing"",IF(REGEXMATCH(C59,""^[^@\s]+@[^@\s]+\.[^@\s]+$""),""Valid"",""Invalid""))"),"Valid") -> Valid | J59: +57-4585022660 | K59: Atlas Labs | L59: Colombia | M59: =IF(L59="","",IF(OR(LOWER(TRIM(L59))="u.s.a.",LOWER(TRIM(L59))="united states"),"United States",IF(OR(LOWER(TRIM(L59))="spain",LOWER(TRIM(L59))="españa",LOWER(TRIM(L59))="espana"),"Spain",IF(OR(LOWER(TRIM(L59))="mexico",LOWER(TRIM(L59))="méxico"),"Mexico",PROPER(LOWER(TRIM(L59))))))) -> Colombia | N59: LinkedIn | O59: Workflow Automation | P59: Proposal Sent | Q59: =IF(P59="","",PROPER(LOWER(TRIM(P59)))) -> Proposal Sent | R59: 1200 | S59: 46255 | T59: 46290 | U59: Requested demo
A60: ALM-0059 | B60: Fernando Díaz | C60: fernando.diaz13@mail.com | D60: =LOWER(TRIM(C60)) -> fernando.diaz13@mail.com | G60: =IF(D60="","Missing Email",IF(COUNTIF($D$2:$D$201,D60)>1,"Duplicate","Unique")) -> Unique | I60: =IFERROR(__xludf.DUMMYFUNCTION("IF(C60="""",""Missing"",IF(REGEXMATCH(C60,""^[^@\s]+@[^@\s]+\.[^@\s]+$""),""Valid"",""Invalid""))"),"Valid") -> Valid | J60: 8183107855 | K60: Urban Commerce | L60: Colombia | M60: =IF(L60="","",IF(OR(LOWER(TRIM(L60))="u.s.a.",LOWER(TRIM(L60))="united states"),"United States",IF(OR(LOWER(TRIM(L60))="spain",LOWER(TRIM(L60))="españa",LOWER(TRIM(L60))="espana"),"Spain",IF(OR(LOWER(TRIM(L60))="mexico",LOWER(TRIM(L60))="méxico"),"Mexico",PROPER(LOWER(TRIM(L60))))))) -> Colombia | N60: Website | O60: AI Voice Agent | P60: Proposal Sent | Q60: =IF(P60="","",PROPER(LOWER(TRIM(P60)))) -> Proposal Sent | R60: 500 | S60: 46216 | T60: 46239
A61: ALM-0100 | B61: José Gómez | C61: jose.gomez22@gmail.com | D61: =LOWER(TRIM(C61)) -> jose.gomez22@gmail.com | G61: =IF(D61="","Missing Email",IF(COUNTIF($D$2:$D$201,D61)>1,"Duplicate","Unique")) -> Duplicate | I61: =IFERROR(__xludf.DUMMYFUNCTION("IF(C61="""",""Missing"",IF(REGEXMATCH(C61,""^[^@\s]+@[^@\s]+\.[^@\s]+$""),""Valid"",""Invalid""))"),"Valid") -> Valid | J61: +1 491 770 2629 | K61: Apex Group | L61: united states | M61: =IF(L61="","",IF(OR(LOWER(TRIM(L61))="u.s.a.",LOWER(TRIM(L61))="united states"),"United States",IF(OR(LOWER(TRIM(L61))="spain",LOWER(TRIM(L61))="españa",LOWER(TRIM(L61))="espana"),"Spain",IF(OR(LOWER(TRIM(L61))="mexico",LOWER(TRIM(L61))="méxico"),"Mexico",PROPER(LOWER(TRIM(L61))))))) -> United States | N61: Referral | O61: Data Automation | P61: Lost | Q61: =IF(P61="","",PROPER(LOWER(TRIM(P61)))) -> Lost | R61: 350 | S61: 46191 | T61: 46214
A62: ALM-0061 | B62: Natalia Rodríguez | C62: natalia.rodriguez3 @ company.com | D62: =LOWER(TRIM(C62)) -> natalia.rodriguez3 @ company.com | E62: AUTO-FIX — Remove internal spaces | F62: natalia.rodriguez3@company.com | G62: =IF(D62="","Missing Email",IF(COUNTIF($D$2:$D$201,D62)>1,"Duplicate","Unique")) -> Unique | I62: =IFERROR(__xludf.DUMMYFUNCTION("IF(C62="""",""Missing"",IF(REGEXMATCH(C62,""^[^@\s]+@[^@\s]+\.[^@\s]+$""),""Valid"",""Invalid""))"),"Invalid") -> Invalid | J62: +52 048 187 9725 | K62: Nova Group | L62: México | M62: =IF(L62="","",IF(OR(LOWER(TRIM(L62))="u.s.a.",LOWER(TRIM(L62))="united states"),"United States",IF(OR(LOWER(TRIM(L62))="spain",LOWER(TRIM(L62))="españa",LOWER(TRIM(L62))="espana"),"Spain",IF(OR(LOWER(TRIM(L62))="mexico",LOWER(TRIM(L62))="méxico"),"Mexico",PROPER(LOWER(TRIM(L62))))))) -> Mexico | N62: Organic Search | O62: AI Voice Agent | P62: New | Q62: =IF(P62="","",PROPER(LOWER(TRIM(P62)))) -> New | R62: 2000 | S62: 46230 | T62: 46274 | U62: Interested in automation
A63: ALM-0062 | B63: Javier Flores | C63: javier.flores94@company.com | D63: =LOWER(TRIM(C63)) -> javier.flores94@company.com | G63: =IF(D63="","Missing Email",IF(COUNTIF($D$2:$D$201,D63)>1,"Duplicate","Unique")) -> Unique | I63: =IFERROR(__xludf.DUMMYFUNCTION("IF(C63="""",""Missing"",IF(REGEXMATCH(C63,""^[^@\s]+@[^@\s]+\.[^@\s]+$""),""Valid"",""Invalid""))"),"Valid") -> Valid | J63: +54-6433136248 | K63: Apex Partners | L63: Argentina | M63: =IF(L63="","",IF(OR(LOWER(TRIM(L63))="u.s.a.",LOWER(TRIM(L63))="united states"),"United States",IF(OR(LOWER(TRIM(L63))="spain",LOWER(TRIM(L63))="españa",LOWER(TRIM(L63))="espana"),"Spain",IF(OR(LOWER(TRIM(L63))="mexico",LOWER(TRIM(L63))="méxico"),"Mexico",PROPER(LOWER(TRIM(L63))))))) -> Argentina | N63: Facebook | O63: Website Chat Agent | P63: Contacted | Q63: =IF(P63="","",PROPER(LOWER(TRIM(P63)))) -> Contacted | R63: 2500 | S63: 46246 | T63: 46282 | U63: Follow up next week
A64: ALM-0063 | B64: Isabel Hernández | C64: isabel.hernandez64@outlook.com | D64: =LOWER(TRIM(C64)) -> isabel.hernandez64@outlook.com | G64: =IF(D64="","Missing Email",IF(COUNTIF($D$2:$D$201,D64)>1,"Duplicate","Unique")) -> Unique | I64: =IFERROR(__xludf.DUMMYFUNCTION("IF(C64="""",""Missing"",IF(REGEXMATCH(C64,""^[^@\s]+@[^@\s]+\.[^@\s]+$""),""Valid"",""Invalid""))"),"Valid") -> Valid | J64: +56 985 264 358 | K64: Vision Media | L64: CHILE | M64: =IF(L64="","",IF(OR(LOWER(TRIM(L64))="u.s.a.",LOWER(TRIM(L64))="united states"),"United States",IF(OR(LOWER(TRIM(L64))="spain",LOWER(TRIM(L64))="españa",LOWER(TRIM(L64))="espana"),"Spain",IF(OR(LOWER(TRIM(L64))="mexico",LOWER(TRIM(L64))="méxico"),"Mexico",PROPER(LOWER(TRIM(L64))))))) -> Chile | N64: Organic Search | O64: Document Processing | P64: Proposal Sent | Q64: =IF(P64="","",PROPER(LOWER(TRIM(P64)))) -> Proposal Sent | R64: 2000 | S64: 46116 | T64: 46132 | U64: Requested demo
A65: ALM-0064 | B65: Paula Castro | D65: =LOWER(TRIM(C65)) | G65: =IF(D65="","Missing Email",IF(COUNTIF($D$2:$D$201,D65)>1,"Duplicate","Unique")) -> Missing Email | I65: =IFERROR(__xludf.DUMMYFUNCTION("IF(C65="""",""Missing"",IF(REGEXMATCH(C65,""^[^@\s]+@[^@\s]+\.[^@\s]+$""),""Valid"",""Invalid""))"),"Missing") -> Missing | J65: 2168233908 | K65: Apex Solutions | L65: Argentina | M65: =IF(L65="","",IF(OR(LOWER(TRIM(L65))="u.s.a.",LOWER(TRIM(L65))="united states"),"United States",IF(OR(LOWER(TRIM(L65))="spain",LOWER(TRIM(L65))="españa",LOWER(TRIM(L65))="espana"),"Spain",IF(OR(LOWER(TRIM(L65))="mexico",LOWER(TRIM(L65))="méxico"),"Mexico",PROPER(LOWER(TRIM(L65))))))) -> Argentina | N65: Organic Search | O65: AI Voice Agent | P65: Proposal Sent | Q65: =IF(P65="","",PROPER(LOWER(TRIM(P65)))) -> Proposal Sent | R65: 900 | S65: 46230 | T65: 46248
A66: ALM-0065 | B66: Carlos López | C66: carlos.lopez95@outlook.com | D66: =LOWER(TRIM(C66)) -> carlos.lopez95@outlook.com | G66: =IF(D66="","Missing Email",IF(COUNTIF($D$2:$D$201,D66)>1,"Duplicate","Unique")) -> Unique | I66: =IFERROR(__xludf.DUMMYFUNCTION("IF(C66="""",""Missing"",IF(REGEXMATCH(C66,""^[^@\s]+@[^@\s]+\.[^@\s]+$""),""Valid"",""Invalid""))"),"Valid") -> Valid | J66: +51-515990381 | K66: Prime Group | L66: PERU | M66: =IF(L66="","",IF(OR(LOWER(TRIM(L66))="u.s.a.",LOWER(TRIM(L66))="united states"),"United States",IF(OR(LOWER(TRIM(L66))="spain",LOWER(TRIM(L66))="españa",LOWER(TRIM(L66))="espana"),"Spain",IF(OR(LOWER(TRIM(L66))="mexico",LOWER(TRIM(L66))="méxico"),"Mexico",PROPER(LOWER(TRIM(L66))))))) -> Peru | N66: LinkedIn | O66: Website Chat Agent | P66: Lost | Q66: =IF(P66="","",PROPER(LOWER(TRIM(P66)))) -> Lost | R66: 350 | S66: 46261 | U66: Follow up next week
A67: ALM-0066 | B67: elena torres | C67: elena.torres41@mail.com | D67: =LOWER(TRIM(C67)) -> elena.torres41@mail.com | G67: =IF(D67="","Missing Email",IF(COUNTIF($D$2:$D$201,D67)>1,"Duplicate","Unique")) -> Unique | I67: =IFERROR(__xludf.DUMMYFUNCTION("IF(C67="""",""Missing"",IF(REGEXMATCH(C67,""^[^@\s]+@[^@\s]+\.[^@\s]+$""),""Valid"",""Invalid""))"),"Valid") -> Valid | J67: +56 514 763 909 | K67: Bright Studio | L67: chile | M67: =IF(L67="","",IF(OR(LOWER(TRIM(L67))="u.s.a.",LOWER(TRIM(L67))="united states"),"United States",IF(OR(LOWER(TRIM(L67))="spain",LOWER(TRIM(L67))="españa",LOWER(TRIM(L67))="espana"),"Spain",IF(OR(LOWER(TRIM(L67))="mexico",LOWER(TRIM(L67))="méxico"),"Mexico",PROPER(LOWER(TRIM(L67))))))) -> Chile | N67: Website | O67: Data Automation | P67: Won | Q67: =IF(P67="","",PROPER(LOWER(TRIM(P67)))) -> Won | R67: 2500 | S67: 46097 | T67: 46104 | U67: Follow up next week
A68: ALM-0067 | B68: Camila Hernández | C68: camila.hernandez7@gmail.com | D68: =LOWER(TRIM(C68)) -> camila.hernandez7@gmail.com | G68: =IF(D68="","Missing Email",IF(COUNTIF($D$2:$D$201,D68)>1,"Duplicate","Unique")) -> Unique | I68: =IFERROR(__xludf.DUMMYFUNCTION("IF(C68="""",""Missing"",IF(REGEXMATCH(C68,""^[^@\s]+@[^@\s]+\.[^@\s]+$""),""Valid"",""Invalid""))"),"Valid") -> Valid | J68: +503-99090473 | K68: Nexo Services | L68: El Salvador | M68: =IF(L68="","",IF(OR(LOWER(TRIM(L68))="u.s.a.",LOWER(TRIM(L68))="united states"),"United States",IF(OR(LOWER(TRIM(L68))="spain",LOWER(TRIM(L68))="españa",LOWER(TRIM(L68))="espana"),"Spain",IF(OR(LOWER(TRIM(L68))="mexico",LOWER(TRIM(L68))="méxico"),"Mexico",PROPER(LOWER(TRIM(L68))))))) -> El Salvador | N68: Referral | O68: Document Processing | P68: Proposal Sent | Q68: =IF(P68="","",PROPER(LOWER(TRIM(P68)))) -> Proposal Sent | R68: 350 | S68: 46209 | T68: 46253 | U68: Requested demo
A69: ALM-0068 | B69: Elena Vargas | C69: elena.vargas90@company.com | D69: =LOWER(TRIM(C69)) -> elena.vargas90@company.com | G69: =IF(D69="","Missing Email",IF(COUNTIF($D$2:$D$201,D69)>1,"Duplicate","Unique")) -> Unique | I69: =IFERROR(__xludf.DUMMYFUNCTION("IF(C69="""",""Missing"",IF(REGEXMATCH(C69,""^[^@\s]+@[^@\s]+\.[^@\s]+$""),""Valid"",""Invalid""))"),"Valid") -> Valid | J69: +54 2159575470 | K69: Vision Commerce | L69: ARGENTINA | M69: =IF(L69="","",IF(OR(LOWER(TRIM(L69))="u.s.a.",LOWER(TRIM(L69))="united states"),"United States",IF(OR(LOWER(TRIM(L69))="spain",LOWER(TRIM(L69))="españa",LOWER(TRIM(L69))="espana"),"Spain",IF(OR(LOWER(TRIM(L69))="mexico",LOWER(TRIM(L69))="méxico"),"Mexico",PROPER(LOWER(TRIM(L69))))))) -> Argentina | N69: Facebook | O69: Data Automation | P69: Lost | Q69: =IF(P69="","",PROPER(LOWER(TRIM(P69)))) -> Lost | R69: 3000 | S69: 46239 | T69: 46255 | U69: Interested in automation
A70: ALM-0069 | B70: Andrés Gómez | C70: andres.gomez55@mail.com | D70: =LOWER(TRIM(C70)) -> andres.gomez55@mail.com | G70: =IF(D70="","Missing Email",IF(COUNTIF($D$2:$D$201,D70)>1,"Duplicate","Unique")) -> Unique | I70: =IFERROR(__xludf.DUMMYFUNCTION("IF(C70="""",""Missing"",IF(REGEXMATCH(C70,""^[^@\s]+@[^@\s]+\.[^@\s]+$""),""Valid"",""Invalid""))"),"Valid") -> Valid | J70: +503 26678694 | K70: Sol Works | L70: EL SALVADOR | M70: =IF(L70="","",IF(OR(LOWER(TRIM(L70))="u.s.a.",LOWER(TRIM(L70))="united states"),"United States",IF(OR(LOWER(TRIM(L70))="spain",LOWER(TRIM(L70))="españa",LOWER(TRIM(L70))="espana"),"Spain",IF(OR(LOWER(TRIM(L70))="mexico",LOWER(TRIM(L70))="méxico"),"Mexico",PROPER(LOWER(TRIM(L70))))))) -> El Salvador | N70: LinkedIn | O70: Data Automation | P70: Contacted | Q70: =IF(P70="","",PROPER(LOWER(TRIM(P70)))) -> Contacted | R70: 1200 | S70: 46239 | T70: 46261 | U70: Needs pricing
A71: ALM-0070 | B71: Laura Martínez | C71: laura.martinez8@company.com | D71: =LOWER(TRIM(C71)) -> laura.martinez8@company.com | G71: =IF(D71="","Missing Email",IF(COUNTIF($D$2:$D$201,D71)>1,"Duplicate","Unique")) -> Unique | I71: =IFERROR(__xludf.DUMMYFUNCTION("IF(C71="""",""Missing"",IF(REGEXMATCH(C71,""^[^@\s]+@[^@\s]+\.[^@\s]+$""),""Valid"",""Invalid""))"),"Valid") -> Valid | J71: 921879441 | K71: Green Labs | L71: chile | M71: =IF(L71="","",IF(OR(LOWER(TRIM(L71))="u.s.a.",LOWER(TRIM(L71))="united states"),"United States",IF(OR(LOWER(TRIM(L71))="spain",LOWER(TRIM(L71))="españa",LOWER(TRIM(L71))="espana"),"Spain",IF(OR(LOWER(TRIM(L71))="mexico",LOWER(TRIM(L71))="méxico"),"Mexico",PROPER(LOWER(TRIM(L71))))))) -> Chile | N71: Facebook | O71: Document Processing | P71: Won | Q71: =IF(P71="","",PROPER(LOWER(TRIM(P71)))) -> Won | R71: 2000 | S71: 46162 | T71: 46178 | U71: Follow up next week
A72: ALM-0071 | B72: David Ortiz | C72: david.ortiz26@mail.com | D72: =LOWER(TRIM(C72)) -> david.ortiz26@mail.com | G72: =IF(D72="","Missing Email",IF(COUNTIF($D$2:$D$201,D72)>1,"Duplicate","Unique")) -> Unique | I72: =IFERROR(__xludf.DUMMYFUNCTION("IF(C72="""",""Missing"",IF(REGEXMATCH(C72,""^[^@\s]+@[^@\s]+\.[^@\s]+$""),""Valid"",""Invalid""))"),"Valid") -> Valid | J72: +1-5336844149 | K72: Apex Commerce | L72: U.S.A. | M72: =IF(L72="","",IF(OR(LOWER(TRIM(L72))="u.s.a.",LOWER(TRIM(L72))="united states"),"United States",IF(OR(LOWER(TRIM(L72))="spain",LOWER(TRIM(L72))="españa",LOWER(TRIM(L72))="espana"),"Spain",IF(OR(LOWER(TRIM(L72))="mexico",LOWER(TRIM(L72))="méxico"),"Mexico",PROPER(LOWER(TRIM(L72))))))) -> United States | N72: Instagram | O72: Website Chat Agent | P72: Won | Q72: =IF(P72="","",PROPER(LOWER(TRIM(P72)))) -> Won | R72: 3000 | S72: 46031 | T72: 46043 | U72: Needs pricing
A73: ALM-0197 | B73: José Gómez | C73: jose.gomez22@gmail.com | D73: =LOWER(TRIM(C73)) -> jose.gomez22@gmail.com | G73: =IF(D73="","Missing Email",IF(COUNTIF($D$2:$D$201,D73)>1,"Duplicate","Unique")) -> Duplicate | H73: REMOVE — Exact duplicate of ALM-0014 | I73: =IFERROR(__xludf.DUMMYFUNCTION("IF(C73="""",""Missing"",IF(REGEXMATCH(C73,""^[^@\s]+@[^@\s]+\.[^@\s]+$""),""Valid"",""Invalid""))"),"Valid") -> Valid | J73: +1 491 770 2629 | K73: Apex Group | L73: united states | M73: =IF(L73="","",IF(OR(LOWER(TRIM(L73))="u.s.a.",LOWER(TRIM(L73))="united states"),"United States",IF(OR(LOWER(TRIM(L73))="spain",LOWER(TRIM(L73))="españa",LOWER(TRIM(L73))="espana"),"Spain",IF(OR(LOWER(TRIM(L73))="mexico",LOWER(TRIM(L73))="méxico"),"Mexico",PROPER(LOWER(TRIM(L73))))))) -> United States | N73: Referral | O73: Data Automation | P73: Lost | Q73: =IF(P73="","",PROPER(LOWER(TRIM(P73)))) -> Lost | R73: 350 | S73: 46191 | T73: 46214
A74: ALM-0073 | B74: RICARDO LÓPEZ | C74: ricardo.lopez5@mail.com | D74: =LOWER(TRIM(C74)) -> ricardo.lopez5@mail.com | G74: =IF(D74="","Missing Email",IF(COUNTIF($D$2:$D$201,D74)>1,"Duplicate","Unique")) -> Unique | I74: =IFERROR(__xludf.DUMMYFUNCTION("IF(C74="""",""Missing"",IF(REGEXMATCH(C74,""^[^@\s]+@[^@\s]+\.[^@\s]+$""),""Valid"",""Invalid""))"),"Valid") -> Valid | J74: +503-79101013 | L74: el salvador | M74: =IF(L74="","",IF(OR(LOWER(TRIM(L74))="u.s.a.",LOWER(TRIM(L74))="united states"),"United States",IF(OR(LOWER(TRIM(L74))="spain",LOWER(TRIM(L74))="españa",LOWER(TRIM(L74))="espana"),"Spain",IF(OR(LOWER(TRIM(L74))="mexico",LOWER(TRIM(L74))="méxico"),"Mexico",PROPER(LOWER(TRIM(L74))))))) -> El Salvador | N74: Facebook | O74: Document Processing | P74: Qualified | Q74: =IF(P74="","",PROPER(LOWER(TRIM(P74)))) -> Qualified | R74: 2500 | S74: 46125 | T74: 46150 | U74: Follow up next week
A75: ALM-0074 | B75: Carolina Ortiz | C75: carolina.ortiz69@gmail.com | D75: =LOWER(TRIM(C75)) -> carolina.ortiz69@gmail.com | G75: =IF(D75="","Missing Email",IF(COUNTIF($D$2:$D$201,D75)>1,"Duplicate","Unique")) -> Unique | I75: =IFERROR(__xludf.DUMMYFUNCTION("IF(C75="""",""Missing"",IF(REGEXMATCH(C75,""^[^@\s]+@[^@\s]+\.[^@\s]+$""),""Valid"",""Invalid""))"),"Valid") -> Valid | J75: 333427070 | K75: Urban Solutions | L75: Spain | M75: =IF(L75="","",IF(OR(LOWER(TRIM(L75))="u.s.a.",LOWER(TRIM(L75))="united states"),"United States",IF(OR(LOWER(TRIM(L75))="spain",LOWER(TRIM(L75))="españa",LOWER(TRIM(L75))="espana"),"Spain",IF(OR(LOWER(TRIM(L75))="mexico",LOWER(TRIM(L75))="méxico"),"Mexico",PROPER(LOWER(TRIM(L75))))))) -> Spain | N75: Facebook | O75: Workflow Automation | P75: Won | Q75: =IF(P75="","",PROPER(LOWER(TRIM(P75)))) -> Won | R75: 350 | S75: 46223 | T75: 46248 | U75: Follow up next week
A76: ALM-0075 | B76: Fernando Ramírez | C76: fernando.ramirez67@company.com | D76: =LOWER(TRIM(C76)) -> fernando.ramirez67@company.com | G76: =IF(D76="","Missing Email",IF(COUNTIF($D$2:$D$201,D76)>1,"Duplicate","Unique")) -> Unique | I76: =IFERROR(__xludf.DUMMYFUNCTION("IF(C76="""",""Missing"",IF(REGEXMATCH(C76,""^[^@\s]+@[^@\s]+\.[^@\s]+$""),""Valid"",""Invalid""))"),"Valid") -> Valid | K76: Momentum Commerce | L76: Salvador | M76: =IF(L76="","",IF(OR(LOWER(TRIM(L76))="u.s.a.",LOWER(TRIM(L76))="united states"),"United States",IF(OR(LOWER(TRIM(L76))="spain",LOWER(TRIM(L76))="españa",LOWER(TRIM(L76))="espana"),"Spain",IF(OR(LOWER(TRIM(L76))="mexico",LOWER(TRIM(L76))="méxico"),"Mexico",PROPER(LOWER(TRIM(L76))))))) -> Salvador | N76: Instagram | O76: Document Processing | P76: Contacted | Q76: =IF(P76="","",PROPER(LOWER(TRIM(P76)))) -> Contacted | R76: 4500 | S76: 46085 | T76: 46117 | U76: Send proposal
A77: ALM-0076 | B77: Marta Rivera | C77: marta.rivera75@outlook.com | D77: =LOWER(TRIM(C77)) -> marta.rivera75@outlook.com | G77: =IF(D77="","Missing Email",IF(COUNTIF($D$2:$D$201,D77)>1,"Duplicate","Unique")) -> Unique | I77: =IFERROR(__xludf.DUMMYFUNCTION("IF(C77="""",""Missing"",IF(REGEXMATCH(C77,""^[^@\s]+@[^@\s]+\.[^@\s]+$""),""Valid"",""Invalid""))"),"Valid") -> Valid | J77: +57-4518781347 | K77: Digital Services | L77: Colombia | M77: =IF(L77="","",IF(OR(LOWER(TRIM(L77))="u.s.a.",LOWER(TRIM(L77))="united states"),"United States",IF(OR(LOWER(TRIM(L77))="spain",LOWER(TRIM(L77))="españa",LOWER(TRIM(L77))="espana"),"Spain",IF(OR(LOWER(TRIM(L77))="mexico",LOWER(TRIM(L77))="méxico"),"Mexico",PROPER(LOWER(TRIM(L77))))))) -> Colombia | N77: Referral | O77: Data Automation | P77: New | Q77: =IF(P77="","",PROPER(LOWER(TRIM(P77)))) -> New | R77: 2000 | S77: 46197 | T77: 46199 | U77: Requested demo
A78: ALM-0077 | B78: Isabel Rivera | C78: isabel.rivera15@outlook.com | D78: =LOWER(TRIM(C78)) -> isabel.rivera15@outlook.com | G78: =IF(D78="","Missing Email",IF(COUNTIF($D$2:$D$201,D78)>1,"Duplicate","Unique")) -> Unique | I78: =IFERROR(__xludf.DUMMYFUNCTION("IF(C78="""",""Missing"",IF(REGEXMATCH(C78,""^[^@\s]+@[^@\s]+\.[^@\s]+$""),""Valid"",""Invalid""))"),"Valid") -> Valid | J78: +1 968 359 4750 | K78: Blue Partners | L78: US | M78: =IF(L78="","",IF(OR(LOWER(TRIM(L78))="u.s.a.",LOWER(TRIM(L78))="united states"),"United States",IF(OR(LOWER(TRIM(L78))="spain",LOWER(TRIM(L78))="españa",LOWER(TRIM(L78))="espana"),"Spain",IF(OR(LOWER(TRIM(L78))="mexico",LOWER(TRIM(L78))="méxico"),"Mexico",PROPER(LOWER(TRIM(L78))))))) -> Us | N78: Organic Search | O78: Workflow Automation | P78: Lost | Q78: =IF(P78="","",PROPER(LOWER(TRIM(P78)))) -> Lost | R78: 500 | S78: 46150 | T78: 46194 | U78: Needs pricing
A79: ALM-0078 | B79: Sergio García | C79: sergio.garcia86@outlook.com | D79: =LOWER(TRIM(C79)) -> sergio.garcia86@outlook.com | G79: =IF(D79="","Missing Email",IF(COUNTIF($D$2:$D$201,D79)>1,"Duplicate","Unique")) -> Unique | I79: =IFERROR(__xludf.DUMMYFUNCTION("IF(C79="""",""Missing"",IF(REGEXMATCH(C79,""^[^@\s]+@[^@\s]+\.[^@\s]+$""),""Valid"",""Invalid""))"),"Valid") -> Valid | J79: 7562423315 | K79: Green Services | L79: Colombia | M79: =IF(L79="","",IF(OR(LOWER(TRIM(L79))="u.s.a.",LOWER(TRIM(L79))="united states"),"United States",IF(OR(LOWER(TRIM(L79))="spain",LOWER(TRIM(L79))="españa",LOWER(TRIM(L79))="espana"),"Spain",IF(OR(LOWER(TRIM(L79))="mexico",LOWER(TRIM(L79))="méxico"),"Mexico",PROPER(LOWER(TRIM(L79))))))) -> Colombia | N79: Instagram | O79: Workflow Automation | P79: Qualified | Q79: =IF(P79="","",PROPER(LOWER(TRIM(P79)))) -> Qualified | R79: 750 | S79: 46061 | T79: 46069 | U79: Send proposal
A80: ALM-0079 | B80: Manuel Rodríguez | C80: manuel.rodriguez68@gmail.com | D80: =LOWER(TRIM(C80)) -> manuel.rodriguez68@gmail.com | G80: =IF(D80="","Missing Email",IF(COUNTIF($D$2:$D$201,D80)>1,"Duplicate","Unique")) -> Unique | I80: =IFERROR(__xludf.DUMMYFUNCTION("IF(C80="""",""Missing"",IF(REGEXMATCH(C80,""^[^@\s]+@[^@\s]+\.[^@\s]+$""),""Valid"",""Invalid""))"),"Valid") -> Valid | K80: Vision Consulting | L80: Colombia | M80: =IF(L80="","",IF(OR(LOWER(TRIM(L80))="u.s.a.",LOWER(TRIM(L80))="united states"),"United States",IF(OR(LOWER(TRIM(L80))="spain",LOWER(TRIM(L80))="españa",LOWER(TRIM(L80))="espana"),"Spain",IF(OR(LOWER(TRIM(L80))="mexico",LOWER(TRIM(L80))="méxico"),"Mexico",PROPER(LOWER(TRIM(L80))))))) -> Colombia | N80: Instagram | O80: Document Processing | P80: Contacted | Q80: =IF(P80="","",PROPER(LOWER(TRIM(P80)))) -> Contacted | R80: 2000 | S80: 46177 | T80: 46183 | U80: Follow up next week
A81: ALM-0080 | B81: David Rodríguez | C81: david.rodriguez27@company.com | D81: =LOWER(TRIM(C81)) -> david.rodriguez27@company.com | G81: =IF(D81="","Missing Email",IF(COUNTIF($D$2:$D$201,D81)>1,"Duplicate","Unique")) -> Unique | I81: =IFERROR(__xludf.DUMMYFUNCTION("IF(C81="""",""Missing"",IF(REGEXMATCH(C81,""^[^@\s]+@[^@\s]+\.[^@\s]+$""),""Valid"",""Invalid""))"),"Valid") -> Valid | J81: 02459593 | K81: Digital Media | L81: Salvador | M81: =IF(L81="","",IF(OR(LOWER(TRIM(L81))="u.s.a.",LOWER(TRIM(L81))="united states"),"United States",IF(OR(LOWER(TRIM(L81))="spain",LOWER(TRIM(L81))="españa",LOWER(TRIM(L81))="espana"),"Spain",IF(OR(LOWER(TRIM(L81))="mexico",LOWER(TRIM(L81))="méxico"),"Mexico",PROPER(LOWER(TRIM(L81))))))) -> Salvador | N81: Website | O81: AI Voice Agent | Q81: =IF(P81="","",PROPER(LOWER(TRIM(P81)))) | R81: 2000 | S81: 46108 | T81: 46108 | U81: Send proposal
A82: ALM-0081 | B82: Isabel Gómez | C82: isabel.gomez42@mail.com | D82: =LOWER(TRIM(C82)) -> isabel.gomez42@mail.com | G82: =IF(D82="","Missing Email",IF(COUNTIF($D$2:$D$201,D82)>1,"Duplicate","Unique")) -> Unique | I82: =IFERROR(__xludf.DUMMYFUNCTION("IF(C82="""",""Missing"",IF(REGEXMATCH(C82,""^[^@\s]+@[^@\s]+\.[^@\s]+$""),""Valid"",""Invalid""))"),"Valid") -> Valid | J82: 7665420309 | K82: Vision Media | L82: argentina | M82: =IF(L82="","",IF(OR(LOWER(TRIM(L82))="u.s.a.",LOWER(TRIM(L82))="united states"),"United States",IF(OR(LOWER(TRIM(L82))="spain",LOWER(TRIM(L82))="españa",LOWER(TRIM(L82))="espana"),"Spain",IF(OR(LOWER(TRIM(L82))="mexico",LOWER(TRIM(L82))="méxico"),"Mexico",PROPER(LOWER(TRIM(L82))))))) -> Argentina | N82: Website | O82: Document Processing | P82: Lost | Q82: =IF(P82="","",PROPER(LOWER(TRIM(P82)))) -> Lost | R82: 3000 | S82: 46033 | T82: 46075 | U82: Requested demo
A83: ALM-0082 | B83: Daniel Díaz | C83: daniel.diaz68@gmail.com | D83: =LOWER(TRIM(C83)) -> daniel.diaz68@gmail.com | G83: =IF(D83="","Missing Email",IF(COUNTIF($D$2:$D$201,D83)>1,"Duplicate","Unique")) -> Unique | I83: =IFERROR(__xludf.DUMMYFUNCTION("IF(C83="""",""Missing"",IF(REGEXMATCH(C83,""^[^@\s]+@[^@\s]+\.[^@\s]+$""),""Valid"",""Invalid""))"),"Valid") -> Valid | J83: +54 837 455 6123 | K83: Urban Consulting | L83: argentina | M83: =IF(L83="","",IF(OR(LOWER(TRIM(L83))="u.s.a.",LOWER(TRIM(L83))="united states"),"United States",IF(OR(LOWER(TRIM(L83))="spain",LOWER(TRIM(L83))="españa",LOWER(TRIM(L83))="espana"),"Spain",IF(OR(LOWER(TRIM(L83))="mexico",LOWER(TRIM(L83))="méxico"),"Mexico",PROPER(LOWER(TRIM(L83))))))) -> Argentina | N83: Organic Search | O83: Data Automation | P83: Qualified | Q83: =IF(P83="","",PROPER(LOWER(TRIM(P83)))) -> Qualified | R83: 350 | S83: 46250 | T83: 46262 | U83: Requested demo
A84: ALM-0083 | B84: Luis Morales | C84: luis.morales26@gmail.com | D84: =LOWER(TRIM(C84)) -> luis.morales26@gmail.com | G84: =IF(D84="","Missing Email",IF(COUNTIF($D$2:$D$201,D84)>1,"Duplicate","Unique")) -> Unique | I84: =IFERROR(__xludf.DUMMYFUNCTION("IF(C84="""",""Missing"",IF(REGEXMATCH(C84,""^[^@\s]+@[^@\s]+\.[^@\s]+$""),""Valid"",""Invalid""))"),"Valid") -> Valid | J84: 8070743004 | K84: Vision Consulting | L84: argentina | M84: =IF(L84="","",IF(OR(LOWER(TRIM(L84))="u.s.a.",LOWER(TRIM(L84))="united states"),"United States",IF(OR(LOWER(TRIM(L84))="spain",LOWER(TRIM(L84))="españa",LOWER(TRIM(L84))="espana"),"Spain",IF(OR(LOWER(TRIM(L84))="mexico",LOWER(TRIM(L84))="méxico"),"Mexico",PROPER(LOWER(TRIM(L84))))))) -> Argentina | N84: Instagram | O84: Data Automation | P84: Proposal Sent | Q84: =IF(P84="","",PROPER(LOWER(TRIM(P84)))) -> Proposal Sent | R84: 4500 | S84: 46080 | T84: 46080 | U84: Needs pricing
A85: ALM-0084 | B85: Ana García | C85: ana.garcia24@mail.com | D85: =LOWER(TRIM(C85)) -> ana.garcia24@mail.com | G85: =IF(D85="","Missing Email",IF(COUNTIF($D$2:$D$201,D85)>1,"Duplicate","Unique")) -> Unique | I85: =IFERROR(__xludf.DUMMYFUNCTION("IF(C85="""",""Missing"",IF(REGEXMATCH(C85,""^[^@\s]+@[^@\s]+\.[^@\s]+$""),""Valid"",""Invalid""))"),"Valid") -> Valid | J85: +34 276297111 | K85: Sol Media | L85: Spain | M85: =IF(L85="","",IF(OR(LOWER(TRIM(L85))="u.s.a.",LOWER(TRIM(L85))="united states"),"United States",IF(OR(LOWER(TRIM(L85))="spain",LOWER(TRIM(L85))="españa",LOWER(TRIM(L85))="espana"),"Spain",IF(OR(LOWER(TRIM(L85))="mexico",LOWER(TRIM(L85))="méxico"),"Mexico",PROPER(LOWER(TRIM(L85))))))) -> Spain | N85: Facebook | O85: Website Chat Agent | P85: Lost | Q85: =IF(P85="","",PROPER(LOWER(TRIM(P85)))) -> Lost | S85: 46247 | T85: 46283 | U85: Needs pricing
A86: ALM-0085 | B86: Carlos Martínez | D86: =LOWER(TRIM(C86)) | G86: =IF(D86="","Missing Email",IF(COUNTIF($D$2:$D$201,D86)>1,"Duplicate","Unique")) -> Missing Email | I86: =IFERROR(__xludf.DUMMYFUNCTION("IF(C86="""",""Missing"",IF(REGEXMATCH(C86,""^[^@\s]+@[^@\s]+\.[^@\s]+$""),""Valid"",""Invalid""))"),"Missing") -> Missing | J86: +1-7651379288 | K86: Prime Studio | L86: USA | M86: =IF(L86="","",IF(OR(LOWER(TRIM(L86))="u.s.a.",LOWER(TRIM(L86))="united states"),"United States",IF(OR(LOWER(TRIM(L86))="spain",LOWER(TRIM(L86))="españa",LOWER(TRIM(L86))="espana"),"Spain",IF(OR(LOWER(TRIM(L86))="mexico",LOWER(TRIM(L86))="méxico"),"Mexico",PROPER(LOWER(TRIM(L86))))))) -> Usa | N86: Facebook | O86: Data Automation | P86: Won | Q86: =IF(P86="","",PROPER(LOWER(TRIM(P86)))) -> Won | R86: 500 | S86: 46060 | T86: 46097 | U86: Follow up next week
A87: ALM-0086 | B87: Laura Gómez | C87: laura.gomez3@company.com | D87: =LOWER(TRIM(C87)) -> laura.gomez3@company.com | G87: =IF(D87="","Missing Email",IF(COUNTIF($D$2:$D$201,D87)>1,"Duplicate","Unique")) -> Unique | I87: =IFERROR(__xludf.DUMMYFUNCTION("IF(C87="""",""Missing"",IF(REGEXMATCH(C87,""^[^@\s]+@[^@\s]+\.[^@\s]+$""),""Valid"",""Invalid""))"),"Valid") -> Valid | J87: +56-709672057 | K87: Green Works | L87: CHILE | M87: =IF(L87="","",IF(OR(LOWER(TRIM(L87))="u.s.a.",LOWER(TRIM(L87))="united states"),"United States",IF(OR(LOWER(TRIM(L87))="spain",LOWER(TRIM(L87))="españa",LOWER(TRIM(L87))="espana"),"Spain",IF(OR(LOWER(TRIM(L87))="mexico",LOWER(TRIM(L87))="méxico"),"Mexico",PROPER(LOWER(TRIM(L87))))))) -> Chile | N87: Organic Search | O87: Document Processing | P87: Lost | Q87: =IF(P87="","",PROPER(LOWER(TRIM(P87)))) -> Lost | R87: 4500 | S87: 46097 | T87: 46105
A88: ALM-0087 | B88: Isabel González | C88: isabel.gonzalez3@company.com | D88: =LOWER(TRIM(C88)) -> isabel.gonzalez3@company.com | G88: =IF(D88="","Missing Email",IF(COUNTIF($D$2:$D$201,D88)>1,"Duplicate","Unique")) -> Unique | I88: =IFERROR(__xludf.DUMMYFUNCTION("IF(C88="""",""Missing"",IF(REGEXMATCH(C88,""^[^@\s]+@[^@\s]+\.[^@\s]+$""),""Valid"",""Invalid""))"),"Valid") -> Valid | J88: +1-7323032338 | K88: Nexo Commerce | L88: US | M88: =IF(L88="","",IF(OR(LOWER(TRIM(L88))="u.s.a.",LOWER(TRIM(L88))="united states"),"United States",IF(OR(LOWER(TRIM(L88))="spain",LOWER(TRIM(L88))="españa",LOWER(TRIM(L88))="espana"),"Spain",IF(OR(LOWER(TRIM(L88))="mexico",LOWER(TRIM(L88))="méxico"),"Mexico",PROPER(LOWER(TRIM(L88))))))) -> Us | N88: Facebook | O88: Document Processing | P88: Proposal Sent | Q88: =IF(P88="","",PROPER(LOWER(TRIM(P88)))) -> Proposal Sent | R88: 2000 | S88: 46107 | T88: 46136 | U88: Needs pricing
A89: ALM-0088 | B89: Laura Rivera | C89: laura.rivera45@gmail.com | D89: =LOWER(TRIM(C89)) -> laura.rivera45@gmail.com | G89: =IF(D89="","Missing Email",IF(COUNTIF($D$2:$D$201,D89)>1,"Duplicate","Unique")) -> Unique | I89: =IFERROR(__xludf.DUMMYFUNCTION("IF(C89="""",""Missing"",IF(REGEXMATCH(C89,""^[^@\s]+@[^@\s]+\.[^@\s]+$""),""Valid"",""Invalid""))"),"Valid") -> Valid | J89: 9371595864 | K89: Momentum Works | L89: USA | M89: =IF(L89="","",IF(OR(LOWER(TRIM(L89))="u.s.a.",LOWER(TRIM(L89))="united states"),"United States",IF(OR(LOWER(TRIM(L89))="spain",LOWER(TRIM(L89))="españa",LOWER(TRIM(L89))="espana"),"Spain",IF(OR(LOWER(TRIM(L89))="mexico",LOWER(TRIM(L89))="méxico"),"Mexico",PROPER(LOWER(TRIM(L89))))))) -> Usa | N89: Referral | O89: Workflow Automation | Q89: =IF(P89="","",PROPER(LOWER(TRIM(P89)))) | R89: 3000 | S89: 46060 | T89: 46075 | U89: Interested in automation
A90: ALM-0089 | B90: Ana Flores | C90: ana.flores62@gmail.com | D90: =LOWER(TRIM(C90)) -> ana.flores62@gmail.com | G90: =IF(D90="","Missing Email",IF(COUNTIF($D$2:$D$201,D90)>1,"Duplicate","Unique")) -> Unique | I90: =IFERROR(__xludf.DUMMYFUNCTION("IF(C90="""",""Missing"",IF(REGEXMATCH(C90,""^[^@\s]+@[^@\s]+\.[^@\s]+$""),""Valid"",""Invalid""))"),"Valid") -> Valid | J90: +34-414454779 | K90: Vertex Solutions | L90: SPAIN | M90: =IF(L90="","",IF(OR(LOWER(TRIM(L90))="u.s.a.",LOWER(TRIM(L90))="united states"),"United States",IF(OR(LOWER(TRIM(L90))="spain",LOWER(TRIM(L90))="españa",LOWER(TRIM(L90))="espana"),"Spain",IF(OR(LOWER(TRIM(L90))="mexico",LOWER(TRIM(L90))="méxico"),"Mexico",PROPER(LOWER(TRIM(L90))))))) -> Spain | N90: Organic Search | O90: Document Processing | P90: Lost | Q90: =IF(P90="","",PROPER(LOWER(TRIM(P90)))) -> Lost | R90: 1500 | S90: 46214 | T90: 46255 | U90: Interested in automation
A91: ALM-0090 | B91: Valeria Castro | C91: valeria.castro40@mail.com | D91: =LOWER(TRIM(C91)) -> valeria.castro40@mail.com | G91: =IF(D91="","Missing Email",IF(COUNTIF($D$2:$D$201,D91)>1,"Duplicate","Unique")) -> Unique | I91: =IFERROR(__xludf.DUMMYFUNCTION("IF(C91="""",""Missing"",IF(REGEXMATCH(C91,""^[^@\s]+@[^@\s]+\.[^@\s]+$""),""Valid"",""Invalid""))"),"Valid") -> Valid | J91: +52 361 107 5819 | K91: Momentum Group | L91: mexico | M91: =IF(L91="","",IF(OR(LOWER(TRIM(L91))="u.s.a.",LOWER(TRIM(L91))="united states"),"United States",IF(OR(LOWER(TRIM(L91))="spain",LOWER(TRIM(L91))="españa",LOWER(TRIM(L91))="espana"),"Spain",IF(OR(LOWER(TRIM(L91))="mexico",LOWER(TRIM(L91))="méxico"),"Mexico",PROPER(LOWER(TRIM(L91))))))) -> Mexico | N91: Instagram | O91: Website Chat Agent | P91: Won | Q91: =IF(P91="","",PROPER(LOWER(TRIM(P91)))) -> Won | R91: 1200 | S91: 46267 | T91: 46287
A92: ALM-0091 | B92: Patricia Rodríguez | C92: patricia.rodriguez74@mail.com | D92: =LOWER(TRIM(C92)) -> patricia.rodriguez74@mail.com | G92: =IF(D92="","Missing Email",IF(COUNTIF($D$2:$D$201,D92)>1,"Duplicate","Unique")) -> Unique | I92: =IFERROR(__xludf.DUMMYFUNCTION("IF(C92="""",""Missing"",IF(REGEXMATCH(C92,""^[^@\s]+@[^@\s]+\.[^@\s]+$""),""Valid"",""Invalid""))"),"Valid") -> Valid | J92: +51-104165797 | L92: Peru | M92: =IF(L92="","",IF(OR(LOWER(TRIM(L92))="u.s.a.",LOWER(TRIM(L92))="united states"),"United States",IF(OR(LOWER(TRIM(L92))="spain",LOWER(TRIM(L92))="españa",LOWER(TRIM(L92))="espana"),"Spain",IF(OR(LOWER(TRIM(L92))="mexico",LOWER(TRIM(L92))="méxico"),"Mexico",PROPER(LOWER(TRIM(L92))))))) -> Peru | N92: Instagram | O92: AI Voice Agent | P92: Won | Q92: =IF(P92="","",PROPER(LOWER(TRIM(P92)))) -> Won | R92: 2000 | S92: 46253 | T92: 46266 | U92: Requested demo
A93: ALM-0092 | B93: LUIS GONZÁLEZ | C93: luis.gonzalez69@gmail.com | D93: =LOWER(TRIM(C93)) -> luis.gonzalez69@gmail.com | G93: =IF(D93="","Missing Email",IF(COUNTIF($D$2:$D$201,D93)>1,"Duplicate","Unique")) -> Unique | I93: =IFERROR(__xludf.DUMMYFUNCTION("IF(C93="""",""Missing"",IF(REGEXMATCH(C93,""^[^@\s]+@[^@\s]+\.[^@\s]+$""),""Valid"",""Invalid""))"),"Valid") -> Valid | J93: +56 951667994 | K93: Vertex Media | L93: CHILE | M93: =IF(L93="","",IF(OR(LOWER(TRIM(L93))="u.s.a.",LOWER(TRIM(L93))="united states"),"United States",IF(OR(LOWER(TRIM(L93))="spain",LOWER(TRIM(L93))="españa",LOWER(TRIM(L93))="espana"),"Spain",IF(OR(LOWER(TRIM(L93))="mexico",LOWER(TRIM(L93))="méxico"),"Mexico",PROPER(LOWER(TRIM(L93))))))) -> Chile | N93: Facebook | O93: Workflow Automation | P93: Contacted | Q93: =IF(P93="","",PROPER(LOWER(TRIM(P93)))) -> Contacted | R93: 750 | S93: 46120 | T93: 46159 | U93: Interested in automation
A94: ALM-0093 | B94: Luis Morales | C94: luis.morales55@company.com | D94: =LOWER(TRIM(C94)) -> luis.morales55@company.com | G94: =IF(D94="","Missing Email",IF(COUNTIF($D$2:$D$201,D94)>1,"Duplicate","Unique")) -> Unique | I94: =IFERROR(__xludf.DUMMYFUNCTION("IF(C94="""",""Missing"",IF(REGEXMATCH(C94,""^[^@\s]+@[^@\s]+\.[^@\s]+$""),""Valid"",""Invalid""))"),"Valid") -> Valid | J94: +34 745 616 412 | K94: Sol Solutions | L94: SPAIN | M94: =IF(L94="","",IF(OR(LOWER(TRIM(L94))="u.s.a.",LOWER(TRIM(L94))="united states"),"United States",IF(OR(LOWER(TRIM(L94))="spain",LOWER(TRIM(L94))="españa",LOWER(TRIM(L94))="espana"),"Spain",IF(OR(LOWER(TRIM(L94))="mexico",LOWER(TRIM(L94))="méxico"),"Mexico",PROPER(LOWER(TRIM(L94))))))) -> Spain | N94: Referral | O94: Website Chat Agent | P94: Proposal Sent | Q94: =IF(P94="","",PROPER(LOWER(TRIM(P94)))) -> Proposal Sent | R94: 1500 | S94: 46080 | T94: 46113 | U94: Follow up next week
A95: ALM-0094 | B95: David González | C95: david.gonzalez31@gmail.com | D95: =LOWER(TRIM(C95)) -> david.gonzalez31@gmail.com | G95: =IF(D95="","Missing Email",IF(COUNTIF($D$2:$D$201,D95)>1,"Duplicate","Unique")) -> Unique | I95: =IFERROR(__xludf.DUMMYFUNCTION("IF(C95="""",""Missing"",IF(REGEXMATCH(C95,""^[^@\s]+@[^@\s]+\.[^@\s]+$""),""Valid"",""Invalid""))"),"Valid") -> Valid | J95: 105054787 | K95: Nova Consulting | L95: Perú | M95: =IF(L95="","",IF(OR(LOWER(TRIM(L95))="u.s.a.",LOWER(TRIM(L95))="united states"),"United States",IF(OR(LOWER(TRIM(L95))="spain",LOWER(TRIM(L95))="españa",LOWER(TRIM(L95))="espana"),"Spain",IF(OR(LOWER(TRIM(L95))="mexico",LOWER(TRIM(L95))="méxico"),"Mexico",PROPER(LOWER(TRIM(L95))))))) -> Perú | N95: LinkedIn | O95: Workflow Automation | P95: Contacted | Q95: =IF(P95="","",PROPER(LOWER(TRIM(P95)))) -> Contacted | R95: 2500 | S95: 46055 | T95: 46064 | U95: Interested in automation
A96: ALM-0095 | B96: Carolina García | C96: carolina.garcia98@mail.com | D96: =LOWER(TRIM(C96)) -> carolina.garcia98@mail.com | G96: =IF(D96="","Missing Email",IF(COUNTIF($D$2:$D$201,D96)>1,"Duplicate","Unique")) -> Unique | I96: =IFERROR(__xludf.DUMMYFUNCTION("IF(C96="""",""Missing"",IF(REGEXMATCH(C96,""^[^@\s]+@[^@\s]+\.[^@\s]+$""),""Valid"",""Invalid""))"),"Valid") -> Valid | J96: 848766383 | K96: Blue Partners | L96: Peru | M96: =IF(L96="","",IF(OR(LOWER(TRIM(L96))="u.s.a.",LOWER(TRIM(L96))="united states"),"United States",IF(OR(LOWER(TRIM(L96))="spain",LOWER(TRIM(L96))="españa",LOWER(TRIM(L96))="espana"),"Spain",IF(OR(LOWER(TRIM(L96))="mexico",LOWER(TRIM(L96))="méxico"),"Mexico",PROPER(LOWER(TRIM(L96))))))) -> Peru | N96: Organic Search | O96: Workflow Automation | P96: Lost | Q96: =IF(P96="","",PROPER(LOWER(TRIM(P96)))) -> Lost | S96: 46256 | T96: 46290
A97: ALM-0096 | B97: Sergio Gómez | C97: sergio.gomez44@mail.com | D97: =LOWER(TRIM(C97)) -> sergio.gomez44@mail.com | G97: =IF(D97="","Missing Email",IF(COUNTIF($D$2:$D$201,D97)>1,"Duplicate","Unique")) -> Unique | I97: =IFERROR(__xludf.DUMMYFUNCTION("IF(C97="""",""Missing"",IF(REGEXMATCH(C97,""^[^@\s]+@[^@\s]+\.[^@\s]+$""),""Valid"",""Invalid""))"),"Valid") -> Valid | J97: +57 6534755042 | K97: Vertex Consulting | L97: COLOMBIA | M97: =IF(L97="","",IF(OR(LOWER(TRIM(L97))="u.s.a.",LOWER(TRIM(L97))="united states"),"United States",IF(OR(LOWER(TRIM(L97))="spain",LOWER(TRIM(L97))="españa",LOWER(TRIM(L97))="espana"),"Spain",IF(OR(LOWER(TRIM(L97))="mexico",LOWER(TRIM(L97))="méxico"),"Mexico",PROPER(LOWER(TRIM(L97))))))) -> Colombia | N97: Website | O97: Website Chat Agent | P97: New | Q97: =IF(P97="","",PROPER(LOWER(TRIM(P97)))) -> New | S97: 46043 | T97: 46051 | U97: Requested demo
A98: ALM-0097 | B98: SERGIO NAVARRO | C98: sergio.navarro85@gmail.com | D98: =LOWER(TRIM(C98)) -> sergio.navarro85@gmail.com | G98: =IF(D98="","Missing Email",IF(COUNTIF($D$2:$D$201,D98)>1,"Duplicate","Unique")) -> Unique | I98: =IFERROR(__xludf.DUMMYFUNCTION("IF(C98="""",""Missing"",IF(REGEXMATCH(C98,""^[^@\s]+@[^@\s]+\.[^@\s]+$""),""Valid"",""Invalid""))"),"Valid") -> Valid | J98: 4313534385 | K98: Bright Media | L98: united states | M98: =IF(L98="","",IF(OR(LOWER(TRIM(L98))="u.s.a.",LOWER(TRIM(L98))="united states"),"United States",IF(OR(LOWER(TRIM(L98))="spain",LOWER(TRIM(L98))="españa",LOWER(TRIM(L98))="espana"),"Spain",IF(OR(LOWER(TRIM(L98))="mexico",LOWER(TRIM(L98))="méxico"),"Mexico",PROPER(LOWER(TRIM(L98))))))) -> United States | N98: Instagram | O98: Website Chat Agent | P98: CONTACTED | Q98: =IF(P98="","",PROPER(LOWER(TRIM(P98)))) -> Contacted | R98: 2000 | S98: 46141 | T98: 46158 | U98: Follow up next week
A99: ALM-0098 | B99: Javier Navarro | D99: =LOWER(TRIM(C99)) | G99: =IF(D99="","Missing Email",IF(COUNTIF($D$2:$D$201,D99)>1,"Duplicate","Unique")) -> Missing Email | I99: =IFERROR(__xludf.DUMMYFUNCTION("IF(C99="""",""Missing"",IF(REGEXMATCH(C99,""^[^@\s]+@[^@\s]+\.[^@\s]+$""),""Valid"",""Invalid""))"),"Missing") -> Missing | J99: +34 813 084 667 | K99: Urban Media | L99: España | M99: =IF(L99="","",IF(OR(LOWER(TRIM(L99))="u.s.a.",LOWER(TRIM(L99))="united states"),"United States",IF(OR(LOWER(TRIM(L99))="spain",LOWER(TRIM(L99))="españa",LOWER(TRIM(L99))="espana"),"Spain",IF(OR(LOWER(TRIM(L99))="mexico",LOWER(TRIM(L99))="méxico"),"Mexico",PROPER(LOWER(TRIM(L99))))))) -> Spain | N99: Website | O99: Data Automation | P99: Proposal Sent | Q99: =IF(P99="","",PROPER(LOWER(TRIM(P99)))) -> Proposal Sent | R99: 2000 | S99: 46041 | T99: 46061 | U99: Interested in automation
A100: ALM-0099 | B100: CAROLINA NAVARRO | C100: carolina.navarro58@gmail.com | D100: =LOWER(TRIM(C100)) -> carolina.navarro58@gmail.com | G100: =IF(D100="","Missing Email",IF(COUNTIF($D$2:$D$201,D100)>1,"Duplicate","Unique")) -> Unique | I100: =IFERROR(__xludf.DUMMYFUNCTION("IF(C100="""",""Missing"",IF(REGEXMATCH(C100,""^[^@\s]+@[^@\s]+\.[^@\s]+$""),""Valid"",""Invalid""))"),"Valid") -> Valid | J100: +503 54250792 | K100: Apex Solutions | L100: El Salvador | M100: =IF(L100="","",IF(OR(LOWER(TRIM(L100))="u.s.a.",LOWER(TRIM(L100))="united states"),"United States",IF(OR(LOWER(TRIM(L100))="spain",LOWER(TRIM(L100))="españa",LOWER(TRIM(L100))="espana"),"Spain",IF(OR(LOWER(TRIM(L100))="mexico",LOWER(TRIM(L100))="méxico"),"Mexico",PROPER(LOWER(TRIM(L100))))))) -> El Salvador | N100: Facebook | O100: Workflow Automation | P100: Qualified | Q100: =IF(P100="","",PROPER(LOWER(TRIM(P100)))) -> Qualified | R100: 1500 | S100: 46183 | T100: 46199 | U100: Send proposal
...

Sheet FINAL_DATA
A1: Record_ID | B1: Full_Name | C1: Email | D1: Phone | E1: Company | F1: Country | G1: Lead_Source | H1: Service_Interest | I1: Lead_Status | J1: Estimated_Value_USD | K1: Created_Date | L1: Last_Contact_Date | M1: Notes
A2: ALM-0001 | B2: Alejandro Navarro | C2: alejandro.navarro94@company.com | D2: 201539268 | E2: Apex Studio | F2: Chile | G2: Organic Search | H2: Document Processing | I2: Contacted | K2: 46111 | L2: 46153 | M2: Follow up next week
A3: ALM-0072 | B3: Camila González | C3: camila.gonzalez86@mail.com | D3: +56-124965231 | E3: Digital Labs | F3: Chile | G3: Instagram | H3: Workflow Automation | I3: Contacted | J3: 3000 | K3: 46088 | L3: 46113 | M3: Requested demo
A4: ALM-0003 | B4: Carlos Navarro | C4: carlos.navarro11@mail.com | D4: +503 23813586 | E4: Momentum Services | F4: El Salvador | G4: Referral | H4: AI Voice Agent | I4: New | J4: 500 | K4: 46101
A5: ALM-0004 | B5: María González | C5: maria.gonzalez3@outlook.com | D5: +54 8433709892 | E5: Sol Partners | F5: Argentina | G5: Website | H5: AI Voice Agent | I5: Lost | J5: 1500 | K5: 46215 | L5: 46244 | M5: Follow up next week
A6: ALM-0005 | B6: Carolina Navarro | C6: carolina.navarro41@gmail.com | D6: +51 696 199 746 | E6: Bright Partners | F6: Peru | G6: Referral | H6: AI Voice Agent | I6: Won | J6: 350 | K6: 46174 | L6: 46191 | M6: Interested in automation
A7: ALM-0007 | B7: María Rivera | C7: maria.rivera61@outlook.com | D7: +1 2474157676 | E7: CLOUD SOLUTIONS | F7: United States | G7: Instagram | H7: Data Automation | I7: Proposal Sent | J7: 500 | K7: 46052 | L7: 46087 | M7: Requested demo
A8: ALM-0014 | B8: Camila Torres | C8: camila.torres47@company.com | F8: Spain | G8: Website | H8: Workflow Automation | I8: Proposal Sent | J8: 1500 | K8: 46030 | L8: 46043 | M8: Follow up next week
A9: ALM-0009 | B9: Miguel Rodríguez | C9: miguel.rodriguez72@outlook.com | D9: +503 70533950 | E9: Nova Commerce | F9: El Salvador | G9: Organic Search | H9: Document Processing | I9: Contacted | J9: 1500 | K9: 46095 | L9: 46129 | M9: Requested demo
A10: ALM-0010 | B10: Manuel López | C10: manuel.lopez9@outlook.com | D10: 2859040010 | E10: Momentum Studio | F10: Argentina | G10: Website | H10: Data Automation | I10: Proposal Sent | J10: 350 | K10: 46180 | L10: 46181 | M10: Needs pricing
A11: ALM-0011 | B11: Patricia Pérez | C11: patricia.perez5@outlook.com | D11: +34-105504239 | E11: Nexo Group | F11: Spain | G11: Website | H11: Workflow Automation | I11: Proposal Sent | J11: 1200 | K11: 46160 | M11: Interested in automation
A12: ALM-0012 | B12: Andrés Martínez | C12: andres.martinez22@mail.com | D12: +54-2437252546 | E12: Apex Services | F12: Argentina | G12: LinkedIn | H12: Document Processing | I12: Lost | J12: 900 | K12: 46179 | L12: 46199 | M12: Send proposal
A13: ALM-0013 | B13: natalia ortiz | C13: natalia.ortiz66@gmail.com | D13: +54-2332522808 | E13: Sol Solutions | F13: Argentina | G13: LinkedIn | H13: Data Automation | I13: Won | J13: 350 | K13: 46051 | L13: 46051 | M13: Send proposal
A14: ALM-0015 | B14: Sergio Ortiz | C14: sergio.ortiz49@company.com | D14: +1-8301135501 | E14: Vision Partners | F14: United States | G14: Website | H14: Document Processing | I14: New | J14: 2500 | K14: 46070 | L14: 46081 | M14: Requested demo
A15: ALM-0016 | B15: Javier Díaz | C15: javier.diaz69@gmail.com | D15: 425439667 | E15: Nova Partners | F15: Peru | G15: Organic Search | H15: Document Processing | I15: Lost | J15: 350 | K15: 46137 | L15: 46175 | M15: Follow up next week
A16: ALM-0017 | B16: Javier Martínez | C16: javier.martinez59@mail.com | D16: 2133177044 | E16: Apex Solutions | F16: Argentina | G16: Facebook | H16: Document Processing | I16: Qualified | J16: 2000 | K16: 46045 | L16: 46079 | M16: Requested demo
A17: ALM-0018 | B17: Isabel Gómez | C17: isabel.gomez32@mail.com | D17: 825136069 | E17: Apex Consulting | F17: Perú | G17: Website | H17: Document Processing | I17: Lost | J17: 4500 | K17: 46245 | L17: 46255 | M17: Send proposal
A18: ALM-0019 | B18: Luis Rodríguez | C18: luis.rodriguez98@gmail.com | D18: +51 380 353 771 | E18: Atlas Consulting | F18: Peru | G18: Referral | H18: Data Automation | I18: New | J18: 3000 | K18: 46037 | L18: 46053 | M18: Needs pricing
A19: ALM-0020 | B19: Natalia Díaz | C19: natalia.diaz38@mail.com | D19: +503 574 493 38 | E19: Prime Group | F19: El Salvador | G19: Referral | H19: Document Processing | I19: Contacted | J19: 1200 | K19: 46231 | L19: 46231
A20: ALM-0021 | B20: Daniel Flores | C20: daniel.flores94@outlook.com | D20: 61320024 | E20: Urban Commerce | F20: El Salvador | G20: Instagram | H20: Data Automation | I20: New | J20: 500 | K20: 46232 | L20: 46263 | M20: Needs pricing
A21: ALM-0060 | B21: Carlos Pérez | C21: carlos.perez33@gmail.com | D21: +1-3771357664 | E21: Bright Works | F21: United States | G21: Referral | H21: Document Processing | I21: Qualified | J21: 1500 | K21: 46253 | L21: 46275 | M21: Interested in automation
A22: ALM-0023 | B22: Raúl Hernández | C22: raul.hernandez69@company.com | D22: 1239353409 | E22: Vertex Solutions | F22: Argentina | G22: Organic Search | H22: AI Voice Agent | I22: Contacted | J22: 750 | K22: 46149 | L22: 46157 | M22: Interested in automation
A23: ALM-0024 | B23: Sergio Hernández | C23: sergio.hernandez12@outlook.com | D23: +57 299 254 3784 | E23: Sol Commerce | F23: Colombia | G23: Website | H23: Data Automation | I23: Won | J23: 2500 | K23: 46033 | L23: 46069 | M23: Interested in automation
A24: ALM-0025 | B24: Paula Díaz | C24: paula.diaz76@mail.com | E24: MOMENTUM SERVICES | F24: Peru | G24: Referral | H24: Workflow Automation | I24: Qualified | J24: 4500 | K24: 46032 | L24: 46068
A25: ALM-0026 | B25: Diego García | C25: diego.garcia78@gmail.com | D25: 2309827434 | E25: Vision Services | F25: Argentina | G25: Organic Search | H25: Workflow Automation | I25: New | J25: 1500 | K25: 46253 | L25: 46286 | M25: Requested demo
A26: ALM-0027 | B26: Daniel Pérez | C26: daniel.perez13@gmail.com | E26: Bright Solutions | F26: Argentina | G26: Instagram | H26: Data Automation | I26: Won | J26: 350 | K26: 46121 | L26: 46153 | M26: Send proposal
A27: ALM-0028 | B27: Fernando Morales | C27: fernando.morales39@company.com | D27: +54 5898158879 | E27: Prime Labs | F27: Argentina | G27: Website | H27: AI Voice Agent | I27: Won | J27: 4500 | K27: 46206 | L27: 46206 | M27: Interested in automation
A28: ALM-0029 | B28: Alejandro Torres | C28: alejandro.torres56@company.com | D28: +52 0203959259 | E28: Cloud Commerce | F28: Mexico | G28: Organic Search | H28: AI Voice Agent | I28: Qualified | J28: 3000 | K28: 46103 | L28: 46112
A29: ALM-0030 | B29: Alejandro Ramírez | C29: alejandro.ramirez44@company.com | F29: Chile | G29: Facebook | H29: Data Automation | I29: New | J29: 2500 | K29: 46134 | L29: 46169 | M29: Interested in automation
A30: ALM-0031 | B30: Raúl Rodríguez | C30: raul.rodriguez57@gmail.com | D30: +52-8554682838 | E30: Blue Studio | F30: Mexico | G30: Facebook | H30: Document Processing | I30: Proposal Sent | J30: 750 | K30: 46183 | L30: 46216
A31: ALM-0032 | B31: Diego Navarro | C31: diego.navarro64@mail.com | E31: Blue Services | F31: Salvador | G31: Organic Search | H31: Website Chat Agent | I31: New | K31: 46095 | L31: 46099 | M31: Interested in automation
A32: ALM-0033 | B32: Andrés Sánchez | C32: andres.sanchez74@outlook.com | D32: +1-4772755215 | E32: Urban Works | F32: United States | G32: Organic Search | H32: Website Chat Agent | I32: Won | J32: 750 | K32: 46190 | L32: 46192 | M32: Requested demo
A33: ALM-0034 | B33: Manuel Morales | C33: manuel.morales27@gmail.com | D33: 881839487 | E33: Sol Labs | F33: Peru | G33: Website | H33: AI Voice Agent | I33: Won | J33: 3000 | K33: 46030 | L33: 46052 | M33: Follow up next week
A34: ALM-0035 | B34: Alejandro Sánchez | C34: alejandro.sanchez42@mail.com | D34: +57 406 830 4098 | E34: Apex Services | F34: Colombia | G34: Instagram | H34: Data Automation | I34: Lost | J34: 500 | K34: 46092 | L34: 46135
A35: ALM-0036 | B35: Patricia Díaz | C35: patricia.diaz43@company.com | D35: +503 323 170 50 | E35: Vertex Labs | F35: El Salvador | G35: Organic Search | H35: Website Chat Agent | I35: Proposal Sent | J35: 4500 | K35: 46035 | L35: 46080 | M35: Needs pricing
A36: ALM-0037 | B36: David Torres | C36: david.torres10@company.com | D36: +56 625 147 716 | E36: Bright Commerce | F36: Chile | G36: Referral | H36: Website Chat Agent | I36: Lost | J36: 3000 | K36: 46134 | L36: 46154 | M36: Requested demo
A37: ALM-0038 | B37: Fernando Romero | C37: fernando.romero63@gmail.com | D37: 5161885601 | E37: Apex Labs | F37: Colombia | G37: LinkedIn | H37: Data Automation | I37: Proposal Sent | J37: 350 | K37: 46153 | L37: 46161 | M37: Send proposal
A38: ALM-0039 | B38: Fernando Rivera | C38: fernando.rivera80@company.com | D38: +57 1778362014 | F38: Colombia | G38: Instagram | H38: Workflow Automation | I38: Won | J38: 350 | K38: 46090 | L38: 46090 | M38: Interested in automation
A39: ALM-0040 | B39: Isabel Ortiz | C39: isabel.ortiz36@mail.com | D39: +51 652057098 | E39: Momentum Works | F39: Peru | G39: Website | H39: Workflow Automation | I39: Won | J39: 2000 | K39: 46068 | L39: 46107 | M39: Needs pricing
A40: ALM-0041 | B40: Lucía Sánchez | C40: lucia.sanchez5@outlook.com | D40: +503 311 113 05 | E40: Cloud Labs | F40: El Salvador | G40: Facebook | H40: Workflow Automation | I40: Proposal Sent | J40: 350 | K40: 46116 | M40: Needs pricing
A41: ALM-0042 | B41: Carolina Flores | C41: carolina.flores80@mail.com | D41: +1-3605265298 | E41: Vertex Labs | F41: United States | G41: Website | H41: Data Automation | I41: Qualified | J41: 4500 | K41: 46155 | L41: 46174 | M41: Follow up next week
A42: ALM-0043 | B42: Sofía Morales | C42: sofia.morales41@gmail.com | D42: +56-143908964 | E42: Prime Media | F42: Chile | G42: Referral | H42: Data Automation | I42: Lost | J42: 900 | K42: 46264 | L42: 46289 | M42: Send proposal
A43: ALM-0044 | B43: María Ortiz | C43: maria.ortiz54@outlook.com | D43: +57 270 603 6025 | E43: Blue Media | F43: Colombia | G43: LinkedIn | H43: Data Automation | I43: Contacted | J43: 1500 | K43: 46053 | L43: 46068 | M43: Interested in automation
A44: ALM-0045 | B44: natalia sánchez | C44: natalia.sanchez62@company.com | D44: +57 999 972 1801 | E44: Green Services | F44: Colombia | G44: Referral | H44: Document Processing | I44: Proposal Sent | J44: 2000 | K44: 46259 | L44: 46298 | M44: Requested demo
A45: ALM-0046 | B45: Camila Díaz | C45: camila.diaz36@mail.com | D45: +57-5080060809 | E45: Nexo Services | F45: Colombia | G45: Referral | H45: Document Processing | I45: Qualified | J45: 1500 | K45: 46043 | L45: 46059 | M45: Follow up next week
A46: ALM-0047 | B46: Sofía Vargas | C46: sofia.vargas36@mail.com | E46: Bright Commerce | F46: United States | G46: Instagram | H46: AI Voice Agent | I46: Proposal Sent | J46: 1500 | K46: 46173 | L46: 46174 | M46: Requested demo
A47: ALM-0048 | B47: Luis Flores | C47: luis.flores7@company.com | E47: Momentum Solutions | F47: Argentina | G47: LinkedIn | H47: Workflow Automation | I47: Qualified | J47: 1200 | K47: 46187 | L47: 46204
A48: ALM-0050 | B48: Lucía García | C48: lucia.garcia2@outlook.com | D48: +56-890013966 | E48: Apex Solutions | F48: Chile | G48: Instagram | H48: Data Automation | I48: Proposal Sent | J48: 4500 | K48: 46244 | M48: Requested demo
A49: ALM-0051 | B49: María Sánchez | C49: maria.sanchez18@outlook.com | D49: +34 778 887 740 | E49: Nexo Solutions | F49: Spain | G49: Instagram | H49: Website Chat Agent | I49: New | J49: 750 | K49: 46260 | L49: 46289 | M49: Requested demo
A50: ALM-0052 | B50: Patricia Rodríguez | C50: patricia.rodriguez52@outlook.com | D50: 8211396692 | E50: Vertex Services | F50: Argentina | G50: LinkedIn | H50: Workflow Automation | I50: Lost | K50: 46259 | L50: 46274 | M50: Interested in automation
A51: ALM-0053 | B51: Natalia Rodríguez | C51: natalia.rodriguez44@mail.com | D51: +51 544 209 389 | E51: Digital Media | F51: Peru | G51: Website | H51: Document Processing | I51: Contacted | J51: 1200 | K51: 46158 | L51: 46171 | M51: Needs pricing
A52: ALM-0054 | B52: María Rodríguez | C52: maria.rodriguez23@gmail.com | D52: 7847790960 | E52: Cloud Media | F52: Mexico | G52: Referral | H52: Website Chat Agent | I52: Lost | J52: 900 | K52: 46029 | L52: 46064 | M52: Follow up next week
A53: ALM-0055 | B53: Ricardo Morales | C53: ricardo.morales60@mail.com | D53: +503 295 606 49 | E53: Nova Studio | F53: El Salvador | G53: Facebook | H53: AI Voice Agent | I53: Qualified | J53: 2000 | K53: 46264 | M53: Send proposal
A54: ALM-0056 | B54: Javier Martínez | C54: JAVIER.MARTINEZ58@MAIL.COM | D54: +54 3292373787 | E54: Blue Media | F54: Argentina | G54: Website | H54: Website Chat Agent | I54: Proposal Sent | J54: 4500 | K54: 46135 | L54: 46172 | M54: Send proposal
A55: ALM-0057 | B55: Patricia Castro | C55: patricia.castro89@mail.com | D55: +52-0552303571 | E55: Bright Services | F55: Mexico | G55: Organic Search | H55: Workflow Automation | I55: New | J55: 4500 | K55: 46066 | L55: 46107 | M55: Requested demo
A56: ALM-0058 | B56: Andrés Morales | C56: andres.morales46@company.com | D56: +57-4585022660 | E56: Atlas Labs | F56: Colombia | G56: LinkedIn | H56: Workflow Automation | I56: Proposal Sent | J56: 1200 | K56: 46255 | L56: 46290 | M56: Requested demo
A57: ALM-0059 | B57: Fernando Díaz | C57: fernando.diaz13@mail.com | D57: 8183107855 | E57: Urban Commerce | F57: Colombia | G57: Website | H57: AI Voice Agent | I57: Proposal Sent | J57: 500 | K57: 46216 | L57: 46239
A58: ALM-0100 | B58: José Gómez | C58: jose.gomez22@gmail.com | D58: +1 491 770 2629 | E58: Apex Group | F58: United States | G58: Referral | H58: Data Automation | I58: Lost | J58: 350 | K58: 46191 | L58: 46214
A59: ALM-0061 | B59: Natalia Rodríguez | C59: natalia.rodriguez3@company.com | D59: +52 048 187 9725 | E59: Nova Group | F59: Mexico | G59: Organic Search | H59: AI Voice Agent | I59: New | J59: 2000 | K59: 46230 | L59: 46274 | M59: Interested in automation
A60: ALM-0062 | B60: Javier Flores | C60: javier.flores94@company.com | D60: +54-6433136248 | E60: Apex Partners | F60: Argentina | G60: Facebook | H60: Website Chat Agent | I60: Contacted | J60: 2500 | K60: 46246 | L60: 46282 | M60: Follow up next week
A61: ALM-0063 | B61: Isabel Hernández | C61: isabel.hernandez64@outlook.com | D61: +56 985 264 358 | E61: Vision Media | F61: Chile | G61: Organic Search | H61: Document Processing | I61: Proposal Sent | J61: 2000 | K61: 46116 | L61: 46132 | M61: Requested demo
A62: ALM-0064 | B62: Paula Castro | D62: 2168233908 | E62: Apex Solutions | F62: Argentina | G62: Organic Search | H62: AI Voice Agent | I62: Proposal Sent | J62: 900 | K62: 46230 | L62: 46248
A63: ALM-0065 | B63: Carlos López | C63: carlos.lopez95@outlook.com | D63: +51-515990381 | E63: Prime Group | F63: Peru | G63: LinkedIn | H63: Website Chat Agent | I63: Lost | J63: 350 | K63: 46261 | M63: Follow up next week
A64: ALM-0066 | B64: elena torres | C64: elena.torres41@mail.com | D64: +56 514 763 909 | E64: Bright Studio | F64: Chile | G64: Website | H64: Data Automation | I64: Won | J64: 2500 | K64: 46097 | L64: 46104 | M64: Follow up next week
A65: ALM-0067 | B65: Camila Hernández | C65: camila.hernandez7@gmail.com | D65: +503-99090473 | E65: Nexo Services | F65: El Salvador | G65: Referral | H65: Document Processing | I65: Proposal Sent | J65: 350 | K65: 46209 | L65: 46253 | M65: Requested demo
A66: ALM-0068 | B66: Elena Vargas | C66: elena.vargas90@company.com | D66: +54 2159575470 | E66: Vision Commerce | F66: Argentina | G66: Facebook | H66: Data Automation | I66: Lost | J66: 3000 | K66: 46239 | L66: 46255 | M66: Interested in automation
A67: ALM-0069 | B67: Andrés Gómez | C67: andres.gomez55@mail.com | D67: +503 26678694 | E67: Sol Works | F67: El Salvador | G67: LinkedIn | H67: Data Automation | I67: Contacted | J67: 1200 | K67: 46239 | L67: 46261 | M67: Needs pricing
A68: ALM-0070 | B68: Laura Martínez | C68: laura.martinez8@company.com | D68: 921879441 | E68: Green Labs | F68: Chile | G68: Facebook | H68: Document Processing | I68: Won | J68: 2000 | K68: 46162 | L68: 46178 | M68: Follow up next week
A69: ALM-0071 | B69: David Ortiz | C69: david.ortiz26@mail.com | D69: +1-5336844149 | E69: Apex Commerce | F69: United States | G69: Instagram | H69: Website Chat Agent | I69: Won | J69: 3000 | K69: 46031 | L69: 46043 | M69: Needs pricing
A70: ALM-0073 | B70: RICARDO LÓPEZ | C70: ricardo.lopez5@mail.com | D70: +503-79101013 | F70: El Salvador | G70: Facebook | H70: Document Processing | I70: Qualified | J70: 2500 | K70: 46125 | L70: 46150 | M70: Follow up next week
A71: ALM-0074 | B71: Carolina Ortiz | C71: carolina.ortiz69@gmail.com | D71: 333427070 | E71: Urban Solutions | F71: Spain | G71: Facebook | H71: Workflow Automation | I71: Won | J71: 350 | K71: 46223 | L71: 46248 | M71: Follow up next week
A72: ALM-0075 | B72: Fernando Ramírez | C72: fernando.ramirez67@company.com | E72: Momentum Commerce | F72: Salvador | G72: Instagram | H72: Document Processing | I72: Contacted | J72: 4500 | K72: 46085 | L72: 46117 | M72: Send proposal
A73: ALM-0076 | B73: Marta Rivera | C73: marta.rivera75@outlook.com | D73: +57-4518781347 | E73: Digital Services | F73: Colombia | G73: Referral | H73: Data Automation | I73: New | J73: 2000 | K73: 46197 | L73: 46199 | M73: Requested demo
A74: ALM-0077 | B74: Isabel Rivera | C74: isabel.rivera15@outlook.com | D74: +1 968 359 4750 | E74: Blue Partners | F74: Us | G74: Organic Search | H74: Workflow Automation | I74: Lost | J74: 500 | K74: 46150 | L74: 46194 | M74: Needs pricing
A75: ALM-0078 | B75: Sergio García | C75: sergio.garcia86@outlook.com | D75: 7562423315 | E75: Green Services | F75: Colombia | G75: Instagram | H75: Workflow Automation | I75: Qualified | J75: 750 | K75: 46061 | L75: 46069 | M75: Send proposal
A76: ALM-0079 | B76: Manuel Rodríguez | C76: manuel.rodriguez68@gmail.com | E76: Vision Consulting | F76: Colombia | G76: Instagram | H76: Document Processing | I76: Contacted | J76: 2000 | K76: 46177 | L76: 46183 | M76: Follow up next week
A77: ALM-0080 | B77: David Rodríguez | C77: david.rodriguez27@company.com | D77: 02459593 | E77: Digital Media | F77: Salvador | G77: Website | H77: AI Voice Agent | J77: 2000 | K77: 46108 | L77: 46108 | M77: Send proposal
A78: ALM-0081 | B78: Isabel Gómez | C78: isabel.gomez42@mail.com | D78: 7665420309 | E78: Vision Media | F78: Argentina | G78: Website | H78: Document Processing | I78: Lost | J78: 3000 | K78: 46033 | L78: 46075 | M78: Requested demo
A79: ALM-0082 | B79: Daniel Díaz | C79: daniel.diaz68@gmail.com | D79: +54 837 455 6123 | E79: Urban Consulting | F79: Argentina | G79: Organic Search | H79: Data Automation | I79: Qualified | J79: 350 | K79: 46250 | L79: 46262 | M79: Requested demo
A80: ALM-0083 | B80: Luis Morales | C80: luis.morales26@gmail.com | D80: 8070743004 | E80: Vision Consulting | F80: Argentina | G80: Instagram | H80: Data Automation | I80: Proposal Sent | J80: 4500 | K80: 46080 | L80: 46080 | M80: Needs pricing
A81: ALM-0084 | B81: Ana García | C81: ana.garcia24@mail.com | D81: +34 276297111 | E81: Sol Media | F81: Spain | G81: Facebook | H81: Website Chat Agent | I81: Lost | K81: 46247 | L81: 46283 | M81: Needs pricing
A82: ALM-0085 | B82: Carlos Martínez | D82: +1-7651379288 | E82: Prime Studio | F82: Usa | G82: Facebook | H82: Data Automation | I82: Won | J82: 500 | K82: 46060 | L82: 46097 | M82: Follow up next week
A83: ALM-0086 | B83: Laura Gómez | C83: laura.gomez3@company.com | D83: +56-709672057 | E83: Green Works | F83: Chile | G83: Organic Search | H83: Document Processing | I83: Lost | J83: 4500 | K83: 46097 | L83: 46105
A84: ALM-0087 | B84: Isabel González | C84: isabel.gonzalez3@company.com | D84: +1-7323032338 | E84: Nexo Commerce | F84: Us | G84: Facebook | H84: Document Processing | I84: Proposal Sent | J84: 2000 | K84: 46107 | L84: 46136 | M84: Needs pricing
A85: ALM-0088 | B85: Laura Rivera | C85: laura.rivera45@gmail.com | D85: 9371595864 | E85: Momentum Works | F85: Usa | G85: Referral | H85: Workflow Automation | J85: 3000 | K85: 46060 | L85: 46075 | M85: Interested in automation
A86: ALM-0089 | B86: Ana Flores | C86: ana.flores62@gmail.com | D86: +34-414454779 | E86: Vertex Solutions | F86: Spain | G86: Organic Search | H86: Document Processing | I86: Lost | J86: 1500 | K86: 46214 | L86: 46255 | M86: Interested in automation
A87: ALM-0090 | B87: Valeria Castro | C87: valeria.castro40@mail.com | D87: +52 361 107 5819 | E87: Momentum Group | F87: Mexico | G87: Instagram | H87: Website Chat Agent | I87: Won | J87: 1200 | K87: 46267 | L87: 46287
A88: ALM-0091 | B88: Patricia Rodríguez | C88: patricia.rodriguez74@mail.com | D88: +51-104165797 | F88: Peru | G88: Instagram | H88: AI Voice Agent | I88: Won | J88: 2000 | K88: 46253 | L88: 46266 | M88: Requested demo
A89: ALM-0092 | B89: LUIS GONZÁLEZ | C89: luis.gonzalez69@gmail.com | D89: +56 951667994 | E89: Vertex Media | F89: Chile | G89: Facebook | H89: Workflow Automation | I89: Contacted | J89: 750 | K89: 46120 | L89: 46159 | M89: Interested in automation
A90: ALM-0093 | B90: Luis Morales | C90: luis.morales55@company.com | D90: +34 745 616 412 | E90: Sol Solutions | F90: Spain | G90: Referral | H90: Website Chat Agent | I90: Proposal Sent | J90: 1500 | K90: 46080 | L90: 46113 | M90: Follow up next week
A91: ALM-0094 | B91: David González | C91: david.gonzalez31@gmail.com | D91: 105054787 | E91: Nova Consulting | F91: Perú | G91: LinkedIn | H91: Workflow Automation | I91: Contacted | J91: 2500 | K91: 46055 | L91: 46064 | M91: Interested in automation
A92: ALM-0095 | B92: Carolina García | C92: carolina.garcia98@mail.com | D92: 848766383 | E92: Blue Partners | F92: Peru | G92: Organic Search | H92: Workflow Automation | I92: Lost | K92: 46256 | L92: 46290
A93: ALM-0096 | B93: Sergio Gómez | C93: sergio.gomez44@mail.com | D93: +57 6534755042 | E93: Vertex Consulting | F93: Colombia | G93: Website | H93: Website Chat Agent | I93: New | K93: 46043 | L93: 46051 | M93: Requested demo
A94: ALM-0097 | B94: SERGIO NAVARRO | C94: sergio.navarro85@gmail.com | D94: 4313534385 | E94: Bright Media | F94: United States | G94: Instagram | H94: Website Chat Agent | I94: Contacted | J94: 2000 | K94: 46141 | L94: 46158 | M94: Follow up next week
A95: ALM-0098 | B95: Javier Navarro | D95: +34 813 084 667 | E95: Urban Media | F95: Spain | G95: Website | H95: Data Automation | I95: Proposal Sent | J95: 2000 | K95: 46041 | L95: 46061 | M95: Interested in automation
A96: ALM-0099 | B96: CAROLINA NAVARRO | C96: carolina.navarro58@gmail.com | D96: +503 54250792 | E96: Apex Solutions | F96: El Salvador | G96: Facebook | H96: Workflow Automation | I96: Qualified | J96: 1500 | K96: 46183 | L96: 46199 | M96: Send proposal
A97: ALM-0008 | B97: PATRICIA MARTÍNEZ | C97: patricia.martinez26@gmail.com | D97: +503 09369254 | E97: Vision Solutions | F97: El Salvador | G97: Website | H97: Document Processing | I97: Contacted | J97: 1200 | K97: 46232 | L97: 46254
A98: ALM-0101 | B98: David Navarro | C98: david.navarro78@company.com | D98: +51 845774387 | E98: Nexo Group | F98: Perú | G98: Instagram | H98: Document Processing | I98: Contacted | J98: 2500 | K98: 46131 | L98: 46160 | M98: Send proposal
A99: ALM-0102 | B99: Fernando Díaz | C99: fernando.diaz28@gmail.com | D99: +503 275 304 17 | E99: Vertex Consulting | F99: El Salvador | G99: Organic Search | H99: Website Chat Agent | I99: Qualified | J99: 2000 | K99: 46227 | L99: 46247 | M99: Requested demo
A100: ALM-0103 | B100: Patricia Vargas | C100: patricia.vargas46@mail.com | D100: +56 604 702 366 | E100: Bright Labs | F100: Chile | G100: LinkedIn | H100: Document Processing | I100: Won | J100: 4500 | K100: 46075 | L100: 46099 | M100: Send proposal
...

Sheet REPORT
B2: Client & Lead Data Report
B3: Portfolio Sample — Synthetic Client & Lead Data Report
C6: Total Clean Records | D6: =COUNTA(FINAL_DATA!A2:A1001) -> 191 | G6: Data Quality Summary
C7: Total Estimated Value | D7: =SUM(FINAL_DATA!J2:J192) -> 311450 | G7: Original Records | H7: 200
C8: Average Estimated Value | D8: =AVERAGE(FINAL_DATA!J2:J192) -> 1739.9441 | G8: Duplicates Removed | H8: 9
C9: Records Missing Estimated Value | D9: =COUNTBLANK(FINAL_DATA!J2:J192) -> 12 | G9: Final Clean Records | H9: 191
C10: Records Missing Lead Status | D10: =COUNTBLANK(FINAL_DATA!I2:I192) -> 4 | G10: Duplicate Removal Rate | H10: 0.045
G11: Emails Auto-Fixed | H11: 4
G12: Emails Requiring Review | H12: 4
G13: Missing Emails in Final Dataset | H13: 7
B17: Lead Status | C17: Record Count | E17: Lead Source | F17: Record Count | H17: Service Interest | I17: Record Count
B18: =IFERROR(__xludf.DUMMYFUNCTION("QUERY(FINAL_DATA!I2:I192,""select Col1, count(Col1) where Col1 is not null group by Col1 label Col1 '', count(Col1) ''"",0)"),"Contacted") -> Contacted | C18: =IFERROR(__xludf.DUMMYFUNCTION("""COMPUTED_VALUE"""),26.0) -> 26 | E18: =IFERROR(__xludf.DUMMYFUNCTION("QUERY(FINAL_DATA!G2:G192,""select Col1, count(Col1) where Col1 is not null group by Col1 label Col1 '', count(Col1) ''"",0)"),"Facebook") -> Facebook | F18: =IFERROR(__xludf.DUMMYFUNCTION("""COMPUTED_VALUE"""),30.0) -> 30 | H18: =IFERROR(__xludf.DUMMYFUNCTION("QUERY(FINAL_DATA!H2:H192,""select Col1, count(Col1) where Col1 is not null group by Col1 label Col1 '', count(Col1) ''"",0)"),"AI Voice Agent") -> AI Voice Agent | I18: =IFERROR(__xludf.DUMMYFUNCTION("""COMPUTED_VALUE"""),37.0) -> 37
B19: =IFERROR(__xludf.DUMMYFUNCTION("""COMPUTED_VALUE"""),"Lost") -> Lost | C19: =IFERROR(__xludf.DUMMYFUNCTION("""COMPUTED_VALUE"""),31.0) -> 31 | E19: =IFERROR(__xludf.DUMMYFUNCTION("""COMPUTED_VALUE"""),"Instagram") -> Instagram | F19: =IFERROR(__xludf.DUMMYFUNCTION("""COMPUTED_VALUE"""),27.0) -> 27 | H19: =IFERROR(__xludf.DUMMYFUNCTION("""COMPUTED_VALUE"""),"Data Automation") -> Data Automation | I19: =IFERROR(__xludf.DUMMYFUNCTION("""COMPUTED_VALUE"""),39.0) -> 39
B20: =IFERROR(__xludf.DUMMYFUNCTION("""COMPUTED_VALUE"""),"New") -> New | C20: =IFERROR(__xludf.DUMMYFUNCTION("""COMPUTED_VALUE"""),23.0) -> 23 | E20: =IFERROR(__xludf.DUMMYFUNCTION("""COMPUTED_VALUE"""),"LinkedIn") -> LinkedIn | F20: =IFERROR(__xludf.DUMMYFUNCTION("""COMPUTED_VALUE"""),31.0) -> 31 | H20: =IFERROR(__xludf.DUMMYFUNCTION("""COMPUTED_VALUE"""),"Document Processing") -> Document Processing | I20: =IFERROR(__xludf.DUMMYFUNCTION("""COMPUTED_VALUE"""),41.0) -> 41
B21: =IFERROR(__xludf.DUMMYFUNCTION("""COMPUTED_VALUE"""),"Proposal") -> Proposal | C21: =IFERROR(__xludf.DUMMYFUNCTION("""COMPUTED_VALUE"""),2.0) -> 2 | E21: =IFERROR(__xludf.DUMMYFUNCTION("""COMPUTED_VALUE"""),"Organic Search") -> Organic Search | F21: =IFERROR(__xludf.DUMMYFUNCTION("""COMPUTED_VALUE"""),36.0) -> 36 | H21: =IFERROR(__xludf.DUMMYFUNCTION("""COMPUTED_VALUE"""),"Website Chat Agent") -> Website Chat Agent | I21: =IFERROR(__xludf.DUMMYFUNCTION("""COMPUTED_VALUE"""),31.0) -> 31
B22: =IFERROR(__xludf.DUMMYFUNCTION("""COMPUTED_VALUE"""),"Proposal Sent") -> Proposal Sent | C22: =IFERROR(__xludf.DUMMYFUNCTION("""COMPUTED_VALUE"""),41.0) -> 41 | E22: =IFERROR(__xludf.DUMMYFUNCTION("""COMPUTED_VALUE"""),"Referral") -> Referral | F22: =IFERROR(__xludf.DUMMYFUNCTION("""COMPUTED_VALUE"""),25.0) -> 25 | H22: =IFERROR(__xludf.DUMMYFUNCTION("""COMPUTED_VALUE"""),"Workflow Automation") -> Workflow Automation | I22: =IFERROR(__xludf.DUMMYFUNCTION("""COMPUTED_VALUE"""),43.0) -> 43
B23: =IFERROR(__xludf.DUMMYFUNCTION("""COMPUTED_VALUE"""),"Qualified") -> Qualified | C23: =IFERROR(__xludf.DUMMYFUNCTION("""COMPUTED_VALUE"""),35.0) -> 35 | E23: =IFERROR(__xludf.DUMMYFUNCTION("""COMPUTED_VALUE"""),"Website") -> Website | F23: =IFERROR(__xludf.DUMMYFUNCTION("""COMPUTED_VALUE"""),42.0) -> 42
B24: =IFERROR(__xludf.DUMMYFUNCTION("""COMPUTED_VALUE"""),"Won") -> Won | C24: =IFERROR(__xludf.DUMMYFUNCTION("""COMPUTED_VALUE"""),29.0) -> 29

Sheet README
A1: AI Lab Mind — Data Cleaning Portfolio Exercise
A2: Portfolio Sample — Synthetic Client & Lead Data Report
A4: Section | B4: Content
A5: Purpose | B5: Synthetic client/lead database for a portfolio exercise. No real client data is included.
A6: Scenario | B6: AI Lab Mind exported records from multiple sources. Intentional data-quality problems are present.
A7: Your task | B7: Keep RAW_DATA unchanged. Later we will create a separate cleaned dataset and document each transformation.
A8: Issues included | B8: Duplicates, missing values, inconsistent capitalization/spacing, country variants, inconsistent statuses, malformed/missing emails, phone-format differences and missing dates.
A9: Target skills | B9: Excel / Google Sheets, duplicate detection, formulas, filters, sorting, data cleaning, consolidation and basic reporting.
A10: Portfolio rule | B10: Present this clearly as a sample/synthetic project, not as real customer work.
A12: Dataset size | B12: 200 records + header
A14: Work Performed | B14: Preserved the original raw dataset and created a separate working copy for cleaning, validation, and audit tracking.
A15: Duplicate Management | B15: Identified duplicate email groups, manually verified exact duplicate records, and removed 9 duplicate copies while retaining one valid record per group.
A16: Email Validation | B16: Normalized email addresses, validated formatting, automatically corrected 4 deterministic spacing errors, and flagged 4 incomplete-domain emails for manual review instead of assuming missing information.
A17: Data Standardization | B17: Standardized country names and lead status values to consistent formats while preserving the original source data for auditability.
... A21: Key Results | B21: 200 original records → 191 final records · 9 exact duplicates removed · 4.5% duplicate removal rate · 4 emails safely auto-fixed · 4 emails flagged for review · $311,450 total estimated pipeline value.

Sheet DATA_QUALITY
A1: Data Quality Metric | B1: Result
A2: Original Records | B2: =COUNTA(CLEAN_DATA!A2:A201) -> 200
A3: Metric Under Review — Unique Email Difference | B3: =IFERROR(__xludf.DUMMYFUNCTION("COUNTA(CLEAN_DATA!D2:D201)-COUNTA(UNIQUE(FILTER(CLEAN_DATA!D2:D201,CLEAN_DATA!D2:D201<>"""")))"),16.0) -> 16
A4: Records in Duplicate Groups | B4: =COUNTIF(CLEAN_DATA!G2:G201,"Duplicate") -> 18
A5: Records Marked for Removal | B5: =COUNTIF(CLEAN_DATA!H2:H201,"REMOVE*") -> 9
A6: Distinct Duplicate Emails | B6: =IFERROR(__xludf.DUMMYFUNCTION("COUNTA(UNIQUE(FILTER(CLEAN_DATA!D2:D201,CLEAN_DATA!G2:G201=""Duplicate"")))"),9.0) -> 9
A7: Largest Duplicate Group | B7: =IFERROR(__xludf.DUMMYFUNCTION("MAX(COUNTIF(CLEAN_DATA!D2:D201,UNIQUE(FILTER(CLEAN_DATA!D2:D201,CLEAN_DATA!G2:G201=""Duplicate""))))"),2.0) -> 2
A8: Missing Emails | B8: =COUNTBLANK(CLEAN_DATA!C2:C201) -> 7
A9: Invalid Email Format | B9: =IFERROR(__xludf.DUMMYFUNCTION("COUNTIF(ARRAYFORMULA(IF(CLEAN_DATA!C2:C201="""","""",REGEXMATCH(CLEAN_DATA!C2:C201,""^[^@\s]+@[^@\s]+\.[^@\s]+$""))),FALSE)"),8.0) -> 8
A10: Records Classified as Invalid Email | B10: =COUNTIF(CLEAN_DATA!I2:I201,"Invalid") -> 8
A11: Emails Auto-Fixed | B11: =COUNTIF(CLEAN_DATA!E2:E201,"AUTO-FIX*") -> 4
A12: Emails Requiring Review | B12: =COUNTIF(CLEAN_DATA!E2:E201,"REVIEW*") -> 4
A13: Missing Phone Numbers | B13: =COUNTBLANK(CLEAN_DATA!J2:J201) -> 16
A14: Missing Company | B14: =COUNTBLANK(CLEAN_DATA!K2:K201) -> 9
A15: Estimated_Value_USD | B15: =COUNTBLANK(CLEAN_DATA!R2:R201) -> 12
A16: Missing Lead Status | B16: 4
A17: Missing Last Contact Date | B17: =COUNTBLANK(CLEAN_DATA!T2:T201) -> 10
A18: Final Records | B18: =COUNTA(FINAL_DATA!A2:A1000) -> 191
A19: Duplicate Removal Rate | B19: =(B2-B18)/B2 -> 0.045
A20: Missing Emails in Final Dataset | B20: =COUNTBLANK(FINAL_DATA!C2:C192) -> 7

Sheet Datos_Originales
A1: ID_REGISTRO | B1: Nombre_Completo | C1: Email | D1: Teléfono | E1: Compañía | F1: País | G1: Fuente_del_Lead | H1: Servico_de_Interés | I1: Estado_del_Lead | J1: Valor_Estimado_USD | K1: Fecha_de_Creación | L1: Fecha_Ultimo_Contacto | M1: Notas
A2: ALM-0001 | B2: Alejandro Navarro | C2: alejandro.navarro94@company.com | D2: 201539268 | E2: Apex Studio | F2: CHILE | G2: Organic Search | H2: Document Processing | I2: Contacted | K2: 46111 | L2: 46153 | M2: Follow up next week
A3: ALM-0002 | B3: Valeria Rivera | C3: valeria.rivera98@outlook.com | D3: +1-5585000486 | E3: Green Studio | F3: United States | G3: Website | H3: Workflow Automation | I3: New | J3: 1200 | K3: 46263 | L3: 46304 | M3: Needs pricing
A4: ALM-0003 | B4: Carlos Navarro | C4: carlos.navarro11@mail.com | D4: +503 23813586 | E4: Momentum Services | F4: El Salvador | G4: Referral | H4: AI Voice Agent | I4: New | J4: 500 | K4: 46101
A5: ALM-0004 | B5: María González | C5: maria.gonzalez3@outlook.com | D5: +54 8433709892 | E5: Sol Partners | F5: ARGENTINA | G5: Website | H5: AI Voice Agent | I5: Lost | J5: 1500 | K5: 46215 | L5: 46244 | M5: Follow up next week
A6: ALM-0005 | B6: Carolina Navarro | C6: carolina.navarro41@gmail.com | D6: +51 696 199 746 | E6: Bright Partners | F6: peru | G6: Referral | H6: AI Voice Agent | I6: Won | J6: 350 | K6: 46174 | L6: 46191 | M6: Interested in automation
A7: ALM-0006 | B7: Paula Díaz | C7: paula.diaz25@outlook.com | D7: +56 510972174 | E7: Digital Studio | F7: chile | G7: Facebook | H7: AI Voice Agent | I7: Won | J7: 500 | K7: 46245 | L7: 46255 | M7: Follow up next week
A8: ALM-0007 | B8: María Rivera | C8: maria.rivera61@outlook.com | D8: +1 2474157676 | E8: CLOUD SOLUTIONS | F8: U.S.A. | G8: Instagram | H8: Data Automation | I8: Proposal Sent | J8: 500 | K8: 46052 | L8: 46087 | M8: Requested demo
A9: ALM-0008 | B9: PATRICIA MARTÍNEZ | C9: patricia.martinez26@gmail.com | D9: +503 09369254 | E9: Vision Solutions | F9: El Salvador | G9: Website | H9: Document Processing | I9: Contacted | J9: 1200 | K9: 46232 | L9: 46254
A10: ALM-0009 | B10: Miguel Rodríguez | C10: miguel.rodriguez72@outlook.com | D10: +503 70533950 | E10: Nova Commerce | F10: el salvador | G10: Organic Search | H10: Document Processing | I10: Contacted | J10: 1500 | K10: 46095 | L10: 46129 | M10: Requested demo
A11: ALM-0010 | B11: Manuel López | C11: manuel.lopez9@outlook.com | D11: 2859040010 | E11: Momentum Studio | F11: ARGENTINA | G11: Website | H11: Data Automation | I11: Proposal Sent | J11: 350 | K11: 46180 | L11: 46181 | M11: Needs pricing
A12: ALM-0011 | B12: Patricia Pérez | C12: patricia.perez5@outlook.com | D12: +34-105504239 | E12: Nexo Group | F12: spain | G12: Website | H12: Workflow Automation | I12: Proposal Sent | J12: 1200 | K12: 46160 | M12: Interested in automation
A13: ALM-0012 | B13: Andrés Martínez | C13: andres.martinez22@mail.com | D13: +54-2437252546 | E13: Apex Services | F13: ARGENTINA | G13: LinkedIn | H13: Document Processing | I13: Lost | J13: 900 | K13: 46179 | L13: 46199 | M13: Send proposal
A14: ALM-0013 | B14: natalia ortiz | C14: natalia.ortiz66@gmail.com | D14: +54-2332522808 | E14: Sol Solutions | F14: ARGENTINA | G14: LinkedIn | H14: Data Automation | I14: Won | J14: 350 | K14: 46051 | L14: 46051 | M14: Send proposal
A15: ALM-0014 | B15: Camila Torres | C15: camila.torres47@company.com | F15: spain | G15: Website | H15: Workflow Automation | I15: Proposal Sent | J15: 1500 | K15: 46030 | L15: 46043 | M15: Follow up next week
A16: ALM-0015 | B16: Sergio Ortiz | C16: sergio.ortiz49@company.com | D16: +1-8301135501 | E16: Vision Partners | F16: United States | G16: Website | H16: Document Processing | I16: New | J16: 2500 | K16: 46070 | L16: 46081 | M16: Requested demo
A17: ALM-0016 | B17: Javier Díaz | C17: javier.diaz69@gmail.com | D17: 425439667 | E17: Nova Partners | F17: PERU | G17: Organic Search | H17: Document Processing | I17: Lost | J17: 350 | K17: 46137 | L17: 46175 | M17: Follow up next week
A18: ALM-0017 | B18: Javier Martínez | C18: javier.martinez59@mail.com | D18: 2133177044 | E18: Apex Solutions | F18: Argentina | G18: Facebook | H18: Document Processing | I18: Qualified | J18: 2000 | K18: 46045 | L18: 46079 | M18: Requested demo
A19: ALM-0018 | B19: Isabel Gómez | C19: isabel.gomez32@mail.com | D19: 825136069 | E19: Apex Consulting | F19: Perú | G19: Website | H19: Document Processing | I19: Lost | J19: 4500 | K19: 46245 | L19: 46255 | M19: Send proposal
A20: ALM-0019 | B20: Luis Rodríguez | C20: luis.rodriguez98@gmail.com | D20: +51 380 353 771 | E20: Atlas Consulting | F20: PERU | G20: Referral | H20: Data Automation | I20: New | J20: 3000 | K20: 46037 | L20: 46053 | M20: Needs pricing
A21: ALM-0020 | B21: Natalia Díaz | C21: natalia.diaz38@mail.com | D21: +503 574 493 38 | E21: Prime Group | F21: EL SALVADOR | G21: Referral | H21: Document Processing | I21: Contacted | J21: 1200 | K21: 46231 | L21: 46231
A22: ALM-0021 | B22: Daniel Flores | C22: daniel.flores94@outlook.com | D22: 61320024 | E22: Urban Commerce | F22: El Salvador | G22: Instagram | H22: Data Automation | I22: New | J22: 500 | K22: 46232 | L22: 46263 | M22: Needs pricing
A23: ALM-0022 | B23: Sergio Gómez | C23: sergio.gomez90@outlook.com | D23: 3145091327 | E23: Sol Commerce | F23: argentina | G23: Facebook | H23: Document Processing | I23: Won | J23: 2500 | K23: 46209 | L23: 46233
A24: ALM-0023 | B24: Raúl Hernández | C24: raul.hernandez69@company.com | D24: 1239353409 | E24: Vertex Solutions | F24: argentina | G24: Organic Search | H24: AI Voice Agent | I24: Contacted | J24: 750 | K24: 46149 | L24: 46157 | M24: Interested in automation
A25: ALM-0024 | B25: Sergio Hernández | C25: sergio.hernandez12@outlook.com | D25: +57 299 254 3784 | E25: Sol Commerce | F25: colombia | G25: Website | H25: Data Automation | I25: Won | J25: 2500 | K25: 46033 | L25: 46069 | M25: Interested in automation
A26: ALM-0025 | B26: Paula Díaz | C26: paula.diaz76@mail.com | E26: MOMENTUM SERVICES | F26: Peru | G26: Referral | H26: Workflow Automation | I26: Qualified | J26: 4500 | K26: 46032 | L26: 46068
A27: ALM-0026 | B27: Diego García | C27: diego.garcia78@gmail.com | D27: 2309827434 | E27: Vision Services | F27: ARGENTINA | G27: Organic Search | H27: Workflow Automation | I27: New | J27: 1500 | K27: 46253 | L27: 46286 | M27: Requested demo
A28: ALM-0027 | B28: Daniel Pérez | C28: daniel.perez13 @ gmail.com | E28: Bright Solutions | F28: argentina | G28: Instagram | H28: Data Automation | I28: Won | J28: 350 | K28: 46121 | L28: 46153 | M28: Send proposal
A29: ALM-0028 | B29: Fernando Morales | C29: fernando.morales39@company.com | D29: +54 5898158879 | E29: Prime Labs | F29: ARGENTINA | G29: Website | H29: AI Voice Agent | I29: Won | J29: 4500 | K29: 46206 | L29: 46206 | M29: Interested in automation
A30: ALM-0029 | B30: Alejandro Torres | C30: alejandro.torres56@company.com | D30: +52 0203959259 | E30: Cloud Commerce | F30: Mexico | G30: Organic Search | H30: AI Voice Agent | I30: Qualified | J30: 3000 | K30: 46103 | L30: 46112
A31: ALM-0030 | B31: Alejandro Ramírez | C31: alejandro.ramirez44@company.com | F31: chile | G31: Facebook | H31: Data Automation | I31: New | J31: 2500 | K31: 46134 | L31: 46169 | M31: Interested in automation
A32: ALM-0031 | B32: Raúl Rodríguez | C32: raul.rodriguez57@gmail.com | D32: +52-8554682838 | E32: Blue Studio | F32: México | G32: Facebook | H32: Document Processing | I32: Proposal Sent | J32: 750 | K32: 46183 | L32: 46216
A33: ALM-0032 | B33: Diego Navarro | C33: diego.navarro64@mail.com | E33: Blue Services | F33: Salvador | G33: Organic Search | H33: Website Chat Agent | I33: New | K33: 46095 | L33: 46099 | M33: Interested in automation
A34: ALM-0033 | B34: Andrés Sánchez | C34: andres.sanchez74@outlook.com | D34: +1-4772755215 | E34: Urban Works | F34: United States | G34: Organic Search | H34: Website Chat Agent | I34: Won | J34: 750 | K34: 46190 | L34: 46192 | M34: Requested demo
A35: ALM-0034 | B35: Manuel Morales | C35: manuel.morales27@gmail.com | D35: 881839487 | E35: Sol Labs | F35: peru | G35: Website | H35: AI Voice Agent | I35: Won | J35: 3000 | K35: 46030 | L35: 46052 | M35: Follow up next week
A36: ALM-0035 | B36: Alejandro Sánchez | C36: alejandro.sanchez42@mail.com | D36: +57 406 830 4098 | E36: Apex Services | F36: colombia | G36: Instagram | H36: Data Automation | I36: Lost | J36: 500 | K36: 46092 | L36: 46135
A37: ALM-0036 | B37: Patricia Díaz | C37: patricia.diaz43@company.com | D37: +503 323 170 50 | E37: Vertex Labs | F37: El Salvador | G37: Organic Search | H37: Website Chat Agent | I37: Proposal Sent | J37: 4500 | K37: 46035 | L37: 46080 | M37: Needs pricing
A38: ALM-0037 | B38: David Torres | C38: david.torres10@company.com | D38: +56 625 147 716 | E38: Bright Commerce | F38: CHILE | G38: Referral | H38: Website Chat Agent | I38: Lost | J38: 3000 | K38: 46134 | L38: 46154 | M38: Requested demo
A39: ALM-0038 | B39: Fernando Romero | C39: fernando.romero63@gmail.com | D39: 5161885601 | E39: Apex Labs | F39: COLOMBIA | G39: LinkedIn | H39: Data Automation | I39: Proposal Sent | J39: 350 | K39: 46153 | L39: 46161 | M39: Send proposal
A40: ALM-0039 | B40: Fernando Rivera | C40: fernando.rivera80@company.com | D40: +57 1778362014 | F40: colombia | G40: Instagram | H40: Workflow Automation | I40: Won | J40: 350 | K40: 46090 | L40: 46090 | M40: Interested in automation
A41: ALM-0040 | B41: Isabel Ortiz | C41: isabel.ortiz36@mail.com | D41: +51 652057098 | E41: Momentum Works | F41: Peru | G41: Website | H41: Workflow Automation | I41: Won | J41: 2000 | K41: 46068 | L41: 46107 | M41: Needs pricing
A42: ALM-0041 | B42: Lucía Sánchez | C42: lucia.sanchez5 @ outlook.com | D42: +503 311 113 05 | E42: Cloud Labs | F42: EL SALVADOR | G42: Facebook | H42: Workflow Automation | I42: Proposal Sent | J42: 350 | K42: 46116 | M42: Needs pricing
A43: ALM-0042 | B43: Carolina Flores | C43: carolina.flores80@mail.com | D43: +1-3605265298 | E43: Vertex Labs | F43: united states | G43: Website | H43: Data Automation | I43: Qualified | J43: 4500 | K43: 46155 | L43: 46174 | M43: Follow up next week
A44: ALM-0043 | B44: Sofía Morales | C44: sofia.morales41@gmail.com | D44: +56-143908964 | E44: Prime Media | F44: Chile | G44: Referral | H44: Data Automation | I44: Lost | J44: 900 | K44: 46264 | L44: 46289 | M44: Send proposal
A45: ALM-0044 | B45: María Ortiz | C45: maria.ortiz54@outlook.com | D45: +57 270 603 6025 | E45: Blue Media | F45: Colombia | G45: LinkedIn | H45: Data Automation | I45: Contacted | J45: 1500 | K45: 46053 | L45: 46068 | M45: Interested in automation
A46: ALM-0045 | B46: natalia sánchez | C46: natalia.sanchez62@company.com | D46: +57 999 972 1801 | E46: Green Services | F46: COLOMBIA | G46: Referral | H46: Document Processing | I46: Proposal Sent | J46: 2000 | K46: 46259 | L46: 46298 | M46: Requested demo
A47: ALM-0046 | B47: Camila Díaz | C47: camila.diaz36@mail.com | D47: +57-5080060809 | E47: Nexo Services | F47: Colombia | G47: Referral | H47: Document Processing | I47: Qualified | J47: 1500 | K47: 46043 | L47: 46059 | M47: Follow up next week
A48: ALM-0047 | B48: Sofía Vargas | C48: sofia.vargas36@mail.com | E48: Bright Commerce | F48: U.S.A. | G48: Instagram | H48: AI Voice Agent | I48: Proposal Sent | J48: 1500 | K48: 46173 | L48: 46174 | M48: Requested demo
A49: ALM-0048 | B49: Luis Flores | C49: luis.flores7@company.com | E49: Momentum Solutions | F49: ARGENTINA | G49: LinkedIn | H49: Workflow Automation | I49: qualified | J49: 1200 | K49: 46187 | L49: 46204
A50: ALM-0049 | B50: Valeria Romero | C50: VALERIA.ROMERO51@MAIL.COM | D50: +52 0112761625 | E50: Nova Solutions | F50: Mexico | G50: Website | H50: Data Automation | I50: New | J50: 3000 | K50: 46045 | L50: 46073 | M50: Needs pricing
A51: ALM-0050 | B51: Lucía García | C51: lucia.garcia2@outlook.com | D51: +56-890013966 | E51: Apex Solutions | F51: CHILE | G51: Instagram | H51: Data Automation | I51: Proposal Sent | J51: 4500 | K51: 46244 | M51: Requested demo
A52: ALM-0051 | B52: María Sánchez | C52: maria.sanchez18@outlook.com | D52: +34 778 887 740 | E52: Nexo Solutions | F52: spain | G52: Instagram | H52: Website Chat Agent | I52: New | J52: 750 | K52: 46260 | L52: 46289 | M52: Requested demo
A53: ALM-0052 | B53: Patricia Rodríguez | C53: patricia.rodriguez52@outlook.com | D53: 8211396692 | E53: Vertex Services | F53: argentina | G53: LinkedIn | H53: Workflow Automation | I53: Lost | K53: 46259 | L53: 46274 | M53: Interested in automation
A54: ALM-0053 | B54: Natalia Rodríguez | C54: natalia.rodriguez44@mail.com | D54: +51 544 209 389 | E54: Digital Media | F54: PERU | G54: Website | H54: Document Processing | I54: Contacted | J54: 1200 | K54: 46158 | L54: 46171 | M54: Needs pricing
A55: ALM-0054 | B55: María Rodríguez | C55: maria.rodriguez23@gmail.com | D55: 7847790960 | E55: Cloud Media | F55: México | G55: Referral | H55: Website Chat Agent | I55: Lost | J55: 900 | K55: 46029 | L55: 46064 | M55: Follow up next week
A56: ALM-0055 | B56: Ricardo Morales | C56: ricardo.morales60@mail.com | D56: +503 295 606 49 | E56: Nova Studio | F56: EL SALVADOR | G56: Facebook | H56: AI Voice Agent | I56: Qualified | J56: 2000 | K56: 46264 | M56: Send proposal
A57: ALM-0056 | B57: Javier Martínez | C57: JAVIER.MARTINEZ58@MAIL.COM | D57: +54 3292373787 | E57: Blue Media | F57: Argentina | G57: Website | H57: Website Chat Agent | I57: Proposal Sent | J57: 4500 | K57: 46135 | L57: 46172 | M57: Send proposal
A58: ALM-0057 | B58: Patricia Castro | C58: patricia.castro89@mail.com | D58: +52-0552303571 | E58: Bright Services | F58: MEXICO | G58: Organic Search | H58: Workflow Automation | I58: new | J58: 4500 | K58: 46066 | L58: 46107 | M58: Requested demo
A59: ALM-0058 | B59: Andrés Morales | C59: andres.morales46@company.com | D59: +57-4585022660 | E59: Atlas Labs | F59: Colombia | G59: LinkedIn | H59: Workflow Automation | I59: Proposal Sent | J59: 1200 | K59: 46255 | L59: 46290 | M59: Requested demo
A60: ALM-0059 | B60: Fernando Díaz | C60: fernando.diaz13@mail.com | D60: 8183107855 | E60: Urban Commerce | F60: Colombia | G60: Website | H60: AI Voice Agent | I60: Proposal Sent | J60: 500 | K60: 46216 | L60: 46239
A61: ALM-0060 | B61: Carlos Pérez | C61: carlos.perez33@gmail.com | D61: +1-3771357664 | E61: Bright Works | F61: united states | G61: Referral | H61: Document Processing | I61: Qualified | J61: 1500 | K61: 46253 | L61: 46275 | M61: Interested in automation
A62: ALM-0061 | B62: Natalia Rodríguez | C62: natalia.rodriguez3 @ company.com | D62: +52 048 187 9725 | E62: Nova Group | F62: México | G62: Organic Search | H62: AI Voice Agent | I62: New | J62: 2000 | K62: 46230 | L62: 46274 | M62: Interested in automation
A63: ALM-0062 | B63: Javier Flores | C63: javier.flores94@company.com | D63: +54-6433136248 | E63: Apex Partners | F63: Argentina | G63: Facebook | H63: Website Chat Agent | I63: Contacted | J63: 2500 | K63: 46246 | L63: 46282 | M63: Follow up next week
A64: ALM-0063 | B64: Isabel Hernández | C64: isabel.hernandez64@outlook.com | D64: +56 985 264 358 | E64: Vision Media | F64: CHILE | G64: Organic Search | H64: Document Processing | I64: Proposal Sent | J64: 2000 | K64: 46116 | L64: 46132 | M64: Requested demo
A65: ALM-0064 | B65: Paula Castro | D65: 2168233908 | E65: Apex Solutions | F65: Argentina | G65: Organic Search | H65: AI Voice Agent | I65: Proposal Sent | J65: 900 | K65: 46230 | L65: 46248
A66: ALM-0065 | B66: Carlos López | C66: carlos.lopez95@outlook.com | D66: +51-515990381 | E66: Prime Group | F66: PERU | G66: LinkedIn | H66: Website Chat Agent | I66: Lost | J66: 350 | K66: 46261 | M66: Follow up next week
A67: ALM-0066 | B67: elena torres | C67: elena.torres41@mail.com | D67: +56 514 763 909 | E67: Bright Studio | F67: chile | G67: Website | H67: Data Automation | I67: Won | J67: 2500 | K67: 46097 | L67: 46104 | M67: Follow up next week
A68: ALM-0067 | B68: Camila Hernández | C68: camila.hernandez7@gmail.com | D68: +503-99090473 | E68: Nexo Services | F68: El Salvador | G68: Referral | H68: Document Processing | I68: Proposal Sent | J68: 350 | K68: 46209 | L68: 46253 | M68: Requested demo
A69: ALM-0068 | B69: Elena Vargas | C69: elena.vargas90@company.com | D69: +54 2159575470 | E69: Vision Commerce | F69: ARGENTINA | G69: Facebook | H69: Data Automation | I69: Lost | J69: 3000 | K69: 46239 | L69: 46255 | M69: Interested in automation
A70: ALM-0069 | B70: Andrés Gómez | C70: andres.gomez55@mail.com | D70: +503 26678694 | E70: Sol Works | F70: EL SALVADOR | G70: LinkedIn | H70: Data Automation | I70: Contacted | J70: 1200 | K70: 46239 | L70: 46261 | M70: Needs pricing
A71: ALM-0070 | B71: Laura Martínez | C71: laura.martinez8@company.com | D71: 921879441 | E71: Green Labs | F71: chile | G71: Facebook | H71: Document Processing | I71: Won | J71: 2000 | K71: 46162 | L71: 46178 | M71: Follow up next week
A72: ALM-0071 | B72: David Ortiz | C72: david.ortiz26@mail.com | D72: +1-5336844149 | E72: Apex Commerce | F72: U.S.A. | G72: Instagram | H72: Website Chat Agent | I72: Won | J72: 3000 | K72: 46031 | L72: 46043 | M72: Needs pricing
A73: ALM-0072 | B73: Camila González | C73: camila.gonzalez86@mail.com | D73: +56-124965231 | E73: Digital Labs | F73: Chile | G73: Instagram | H73: Workflow Automation | I73: Contacted | J73: 3000 | K73: 46088 | L73: 46113 | M73: Requested demo
A74: ALM-0073 | B74: RICARDO LÓPEZ | C74: ricardo.lopez5@mail.com | D74: +503-79101013 | F74: el salvador | G74: Facebook | H74: Document Processing | I74: Qualified | J74: 2500 | K74: 46125 | L74: 46150 | M74: Follow up next week
A75: ALM-0074 | B75: Carolina Ortiz | C75: carolina.ortiz69@gmail.com | D75: 333427070 | E75: Urban Solutions | F75: Spain | G75: Facebook | H75: Workflow Automation | I75: Won | J75: 350 | K75: 46223 | L75: 46248 | M75: Follow up next week
A76: ALM-0075 | B76: Fernando Ramírez | C76: fernando.ramirez67@company.com | E76: Momentum Commerce | F76: Salvador | G76: Instagram | H76: Document Processing | I76: Contacted | J76: 4500 | K76: 46085 | L76: 46117 | M76: Send proposal
A77: ALM-0076 | B77: Marta Rivera | C77: marta.rivera75@outlook.com | D77: +57-4518781347 | E77: Digital Services | F77: Colombia | G77: Referral | H77: Data Automation | I77: New | J77: 2000 | K77: 46197 | L77: 46199 | M77: Requested demo
A78: ALM-0077 | B78: Isabel Rivera | C78: isabel.rivera15@outlook.com | D78: +1 968 359 4750 | E78: Blue Partners | F78: US | G78: Organic Search | H78: Workflow Automation | I78: Lost | J78: 500 | K78: 46150 | L78: 46194 | M78: Needs pricing
A79: ALM-0078 | B79: Sergio García | C79: sergio.garcia86@outlook.com | D79: 7562423315 | E79: Green Services | F79: Colombia | G79: Instagram | H79: Workflow Automation | I79: Qualified | J79: 750 | K79: 46061 | L79: 46069 | M79: Send proposal
A80: ALM-0079 | B80: Manuel Rodríguez | C80: manuel.rodriguez68@gmail.com | E80: Vision Consulting | F80: Colombia | G80: Instagram | H80: Document Processing | I80: Contacted | J80: 2000 | K80: 46177 | L80: 46183 | M80: Follow up next week
A81: ALM-0080 | B81: David Rodríguez | C81: david.rodriguez27@company.com | D81: 02459593 | E81: Digital Media | F81: Salvador | G81: Website | H81: AI Voice Agent | J81: 2000 | K81: 46108 | L81: 46108 | M81: Send proposal
A82: ALM-0081 | B82: Isabel Gómez | C82: isabel.gomez42@mail.com | D82: 7665420309 | E82: Vision Media | F82: argentina | G82: Website | H82: Document Processing | I82: Lost | J82: 3000 | K82: 46033 | L82: 46075 | M82: Requested demo
A83: ALM-0082 | B83: Daniel Díaz | C83: daniel.diaz68@gmail.com | D83: +54 837 455 6123 | E83: Urban Consulting | F83: argentina | G83: Organic Search | H83: Data Automation | I83: Qualified | J83: 350 | K83: 46250 | L83: 46262 | M83: Requested demo
A84: ALM-0083 | B84: Luis Morales | C84: luis.morales26@gmail.com | D84: 8070743004 | E84: Vision Consulting | F84: argentina | G84: Instagram | H84: Data Automation | I84: Proposal Sent | J84: 4500 | K84: 46080 | L84: 46080 | M84: Needs pricing
A85: ALM-0084 | B85: Ana García | C85: ana.garcia24@mail.com | D85: +34 276297111 | E85: Sol Media | F85: Spain | G85: Facebook | H85: Website Chat Agent | I85: Lost | K85: 46247 | L85: 46283 | M85: Needs pricing
A86: ALM-0085 | B86: Carlos Martínez | D86: +1-7651379288 | E86: Prime Studio | F86: USA | G86: Facebook | H86: Data Automation | I86: Won | J86: 500 | K86: 46060 | L86: 46097 | M86: Follow up next week
A87: ALM-0086 | B87: Laura Gómez | C87: laura.gomez3@company.com | D87: +56-709672057 | E87: Green Works | F87: CHILE | G87: Organic Search | H87: Document Processing | I87: Lost | J87: 4500 | K87: 46097 | L87: 46105
A88: ALM-0087 | B88: Isabel González | C88: isabel.gonzalez3@company.com | D88: +1-7323032338 | E88: Nexo Commerce | F88: US | G88: Facebook | H88: Document Processing | I88: Proposal Sent | J88: 2000 | K88: 46107 | L88: 46136 | M88: Needs pricing
A89: ALM-0088 | B89: Laura Rivera | C89: laura.rivera45@gmail.com | D89: 9371595864 | E89: Momentum Works | F89: USA | G89: Referral | H89: Workflow Automation | J89: 3000 | K89: 46060 | L89: 46075 | M89: Interested in automation
A90: ALM-0089 | B90: Ana Flores | C90: ana.flores62@gmail.com | D90: +34-414454779 | E90: Vertex Solutions | F90: SPAIN | G90: Organic Search | H90: Document Processing | I90: Lost | J90: 1500 | K90: 46214 | L90: 46255 | M90: Interested in automation
A91: ALM-0090 | B91: Valeria Castro | C91: valeria.castro40@mail.com | D91: +52 361 107 5819 | E91: Momentum Group | F91: mexico | G91: Instagram | H91: Website Chat Agent | I91: Won | J91: 1200 | K91: 46267 | L91: 46287
A92: ALM-0091 | B92: Patricia Rodríguez | C92: patricia.rodriguez74@mail.com | D92: +51-104165797 | F92: Peru | G92: Instagram | H92: AI Voice Agent | I92: Won | J92: 2000 | K92: 46253 | L92: 46266 | M92: Requested demo
A93: ALM-0092 | B93: LUIS GONZÁLEZ | C93: luis.gonzalez69@gmail.com | D93: +56 951667994 | E93: Vertex Media | F93: CHILE | G93: Facebook | H93: Workflow Automation | I93: Contacted | J93: 750 | K93: 46120 | L93: 46159 | M93: Interested in automation
A94: ALM-0093 | B94: Luis Morales | C94: luis.morales55@company.com | D94: +34 745 616 412 | E94: Sol Solutions | F94: SPAIN | G94: Referral | H94: Website Chat Agent | I94: Proposal Sent | J94: 1500 | K94: 46080 | L94: 46113 | M94: Follow up next week
A95: ALM-0094 | B95: David González | C95: david.gonzalez31@gmail.com | D95: 105054787 | E95: Nova Consulting | F95: Perú | G95: LinkedIn | H95: Workflow Automation | I95: Contacted | J95: 2500 | K95: 46055 | L95: 46064 | M95: Interested in automation
A96: ALM-0095 | B96: Carolina García | C96: carolina.garcia98@mail.com | D96: 848766383 | E96: Blue Partners | F96: Peru | G96: Organic Search | H96: Workflow Automation | I96: Lost | K96: 46256 | L96: 46290
A97: ALM-0096 | B97: Sergio Gómez | C97: sergio.gomez44@mail.com | D97: +57 6534755042 | E97: Vertex Consulting | F97: COLOMBIA | G97: Website | H97: Website Chat Agent | I97: New | K97: 46043 | L97: 46051 | M97: Requested demo
A98: ALM-0097 | B98: SERGIO NAVARRO | C98: sergio.navarro85@gmail.com | D98: 4313534385 | E98: Bright Media | F98: united states | G98: Instagram | H98: Website Chat Agent | I98: CONTACTED | J98: 2000 | K98: 46141 | L98: 46158 | M98: Follow up next week
A99: ALM-0098 | B99: Javier Navarro | D99: +34 813 084 667 | E99: Urban Media | F99: España | G99: Website | H99: Data Automation | I99: Proposal Sent | J99: 2000 | K99: 46041 | L99: 46061 | M99: Interested in automation
A100: ALM-0099 | B100: CAROLINA NAVARRO | C100: carolina.navarro58@gmail.com | D100: +503 54250792 | E100: Apex Solutions | F100: El Salvador | G100: Facebook | H100: Workflow Automation | I100: Qualified | J100: 1500 | K100: 46183 | L100: 46199 | M100: Send proposal
...

Sheet DATOS_LIMPIOS
A1: ID_REGISTRO | B1: Nombre_Completo | C1: Email | D1: Email_Normalizado | E1: Acción_Email | F1: Email_Limpio | G1: Estado_Duplicado | H1: Acción_de_Datos | I1: Calidad_de_Email | J1: Teléfono | K1: Compañía | L1: País | M1: Normalización_de_País | N1: Fuente_del_Lead | O1: Interés_del_Servicio | P1: Estátus_del_Lead | Q1: Normalización_del_Estatus_del_Lead | R1: Valor_Estimado_USD | S1: Fecha_de_Creación | T1: Fecha_de_Último_Contacto | U1: Notas
A2: ALM-0001 | B2: Alejandro Navarro | C2: alejandro.navarro94@company.com | D2: =LOWER(TRIM(C2)) -> alejandro.navarro94@company.com | G2: =IF(D2="","Missing Email",IF(COUNTIF($D$2:$D$201,D2)>1,"Duplicate","Unique")) -> Unique | I2: =IFERROR(__xludf.DUMMYFUNCTION("IF(C2="""",""Missing"",IF(REGEXMATCH(C2,""^[^@\s]+@[^@\s]+\.[^@\s]+$""),""Valid"",""Invalid""))"),"Valid") -> Valid | J2: 201539268 | K2: Apex Studio | L2: CHILE | M2: =IF(L2="","",IF(OR(LOWER(TRIM(L2))="u.s.a.",LOWER(TRIM(L2))="united states"),"United States",IF(OR(LOWER(TRIM(L2))="spain",LOWER(TRIM(L2))="españa",LOWER(TRIM(L2))="espana"),"Spain",IF(OR(LOWER(TRIM(L2))="mexico",LOWER(TRIM(L2))="méxico"),"Mexico",PROPER(LOWER(TRIM(L2))))))) -> Chile | N2: Organic Search | O2: Document Processing | P2: Contacted | Q2: =IF(P2="","",PROPER(LOWER(TRIM(P2)))) -> Contacted | S2: 46111 | T2: 46153 | U2: Follow up next week | V2: Duplicados por email
A3: ALM-0072 | B3: Camila González | C3: camila.gonzalez86@mail.com | D3: =LOWER(TRIM(C3)) -> camila.gonzalez86@mail.com | G3: =IF(D3="","Missing Email",IF(COUNTIF($D$2:$D$201,D3)>1,"Duplicate","Unique")) -> Duplicate | I3: =IFERROR(__xludf.DUMMYFUNCTION("IF(C3="""",""Missing"",IF(REGEXMATCH(C3,""^[^@\s]+@[^@\s]+\.[^@\s]+$""),""Valid"",""Invalid""))"),"Valid") -> Valid | J3: +56-124965231 | K3: Digital Labs | L3: Chile | M3: =IF(L3="","",IF(OR(LOWER(TRIM(L3))="u.s.a.",LOWER(TRIM(L3))="united states"),"United States",IF(OR(LOWER(TRIM(L3))="spain",LOWER(TRIM(L3))="españa",LOWER(TRIM(L3))="espana"),"Spain",IF(OR(LOWER(TRIM(L3))="mexico",LOWER(TRIM(L3))="méxico"),"Mexico",PROPER(LOWER(TRIM(L3))))))) -> Chile | N3: Instagram | O3: Workflow Automation | P3: Contacted | Q3: =IF(P3="","",PROPER(LOWER(TRIM(P3)))) -> Contacted | R3: 3000 | S3: 46088 | T3: 46113 | U3: Requested demo
A4: ALM-0003 | B4: Carlos Navarro | C4: carlos.navarro11@mail.com | D4: =LOWER(TRIM(C4)) -> carlos.navarro11@mail.com | G4: =IF(D4="","Missing Email",IF(COUNTIF($D$2:$D$201,D4)>1,"Duplicate","Unique")) -> Unique | I4: =IFERROR(__xludf.DUMMYFUNCTION("IF(C4="""",""Missing"",IF(REGEXMATCH(C4,""^[^@\s]+@[^@\s]+\.[^@\s]+$""),""Valid"",""Invalid""))"),"Valid") -> Valid | J4: +503 23813586 | K4: Momentum Services | L4: El Salvador | M4: =IF(L4="","",IF(OR(LOWER(TRIM(L4))="u.s.a.",LOWER(TRIM(L4))="united states"),"United States",IF(OR(LOWER(TRIM(L4))="spain",LOWER(TRIM(L4))="españa",LOWER(TRIM(L4))="espana"),"Spain",IF(OR(LOWER(TRIM(L4))="mexico",LOWER(TRIM(L4))="méxico"),"Mexico",PROPER(LOWER(TRIM(L4))))))) -> El Salvador | N4: Referral | O4: AI Voice Agent | P4: New | Q4: =IF(P4="","",PROPER(LOWER(TRIM(P4)))) -> New | R4: 500 | S4: 46101
A5: ALM-0004 | B5: María González | C5: maria.gonzalez3@outlook.com | D5: =LOWER(TRIM(C5)) -> maria.gonzalez3@outlook.com | G5: =IF(D5="","Missing Email",IF(COUNTIF($D$2:$D$201,D5)>1,"Duplicate","Unique")) -> Unique | I5: =IFERROR(__xludf.DUMMYFUNCTION("IF(C5="""",""Missing"",IF(REGEXMATCH(C5,""^[^@\s]+@[^@\s]+\.[^@\s]+$""),""Valid"",""Invalid""))"),"Valid") -> Valid | J5: +54 8433709892 | K5: Sol Partners | L5: ARGENTINA | M5: =IF(L5="","",IF(OR(LOWER(TRIM(L5))="u.s.a.",LOWER(TRIM(L5))="united states"),"United States",IF(OR(LOWER(TRIM(L5))="spain",LOWER(TRIM(L5))="españa",LOWER(TRIM(L5))="espana"),"Spain",IF(OR(LOWER(TRIM(L5))="mexico",LOWER(TRIM(L5))="méxico"),"Mexico",PROPER(LOWER(TRIM(L5))))))) -> Argentina | N5: Website | O5: AI Voice Agent | P5: Lost | Q5: =IF(P5="","",PROPER(LOWER(TRIM(P5)))) -> Lost | R5: 1500 | S5: 46215 | T5: 46244 | U5: Follow up next week
A6: ALM-0005 | B6: Carolina Navarro | C6: carolina.navarro41@gmail.com | D6: =LOWER(TRIM(C6)) -> carolina.navarro41@gmail.com | G6: =IF(D6="","Missing Email",IF(COUNTIF($D$2:$D$201,D6)>1,"Duplicate","Unique")) -> Unique | I6: =IFERROR(__xludf.DUMMYFUNCTION("IF(C6="""",""Missing"",IF(REGEXMATCH(C6,""^[^@\s]+@[^@\s]+\.[^@\s]+$""),""Valid"",""Invalid""))"),"Valid") -> Valid | J6: +51 696 199 746 | K6: Bright Partners | L6: peru | M6: =IF(L6="","",IF(OR(LOWER(TRIM(L6))="u.s.a.",LOWER(TRIM(L6))="united states"),"United States",IF(OR(LOWER(TRIM(L6))="spain",LOWER(TRIM(L6))="españa",LOWER(TRIM(L6))="espana"),"Spain",IF(OR(LOWER(TRIM(L6))="mexico",LOWER(TRIM(L6))="méxico"),"Mexico",PROPER(LOWER(TRIM(L6))))))) -> Peru | N6: Referral | O6: AI Voice Agent | P6: Won | Q6: =IF(P6="","",PROPER(LOWER(TRIM(P6)))) -> Won | R6: 350 | S6: 46174 | T6: 46191 | U6: Interested in automation | V6: Registros marcados Duplicate
A7: ALM-0191 | B7: Camila González | C7: camila.gonzalez86@mail.com | D7: =LOWER(TRIM(C7)) -> camila.gonzalez86@mail.com | G7: =IF(D7="","Missing Email",IF(COUNTIF($D$2:$D$201,D7)>1,"Duplicate","Unique")) -> Duplicate | H7: REMOVE — Exact duplicate of ALM-0014 | I7: =IFERROR(__xludf.DUMMYFUNCTION("IF(C7="""",""Missing"",IF(REGEXMATCH(C7,""^[^@\s]+@[^@\s]+\.[^@\s]+$""),""Valid"",""Invalid""))"),"Valid") -> Valid | J7: +56-124965231 | K7: Digital Labs | L7: Chile | M7: =IF(L7="","",IF(OR(LOWER(TRIM(L7))="u.s.a.",LOWER(TRIM(L7))="united states"),"United States",IF(OR(LOWER(TRIM(L7))="spain",LOWER(TRIM(L7))="españa",LOWER(TRIM(L7))="espana"),"Spain",IF(OR(LOWER(TRIM(L7))="mexico",LOWER(TRIM(L7))="méxico"),"Mexico",PROPER(LOWER(TRIM(L7))))))) -> Chile | N7: Instagram | O7: Workflow Automation | P7: Contacted | Q7: =IF(P7="","",PROPER(LOWER(TRIM(P7)))) -> Contacted | R7: 3000 | S7: 46088 | T7: 46113 | U7: Requested demo
A8: ALM-0007 | B8: María Rivera | C8: maria.rivera61@outlook.com | D8: =LOWER(TRIM(C8)) -> maria.rivera61@outlook.com | G8: =IF(D8="","Missing Email",IF(COUNTIF($D$2:$D$201,D8)>1,"Duplicate","Unique")) -> Unique | I8: =IFERROR(__xludf.DUMMYFUNCTION("IF(C8="""",""Missing"",IF(REGEXMATCH(C8,""^[^@\s]+@[^@\s]+\.[^@\s]+$""),""Valid"",""Invalid""))"),"Valid") -> Valid | J8: +1 2474157676 | K8: CLOUD SOLUTIONS | L8: U.S.A. | M8: =IF(L8="","",IF(OR(LOWER(TRIM(L8))="u.s.a.",LOWER(TRIM(L8))="united states"),"United States",IF(OR(LOWER(TRIM(L8))="spain",LOWER(TRIM(L8))="españa",LOWER(TRIM(L8))="espana"),"Spain",IF(OR(LOWER(TRIM(L8))="mexico",LOWER(TRIM(L8))="méxico"),"Mexico",PROPER(LOWER(TRIM(L8))))))) -> United States | N8: Instagram | O8: Data Automation | P8: Proposal Sent | Q8: =IF(P8="","",PROPER(LOWER(TRIM(P8)))) -> Proposal Sent | R8: 500 | S8: 46052 | T8: 46087 | U8: Requested demo | V8: Emails duplicados distintos
A9: ALM-0014 | B9: Camila Torres | C9: camila.torres47@company.com | D9: =LOWER(TRIM(C9)) -> camila.torres47@company.com | G9: =IF(D9="","Missing Email",IF(COUNTIF($D$2:$D$201,D9)>1,"Duplicate","Unique")) -> Duplicate | I9: =IFERROR(__xludf.DUMMYFUNCTION("IF(C9="""",""Missing"",IF(REGEXMATCH(C9,""^[^@\s]+@[^@\s]+\.[^@\s]+$""),""Valid"",""Invalid""))"),"Valid") -> Valid | L9: spain | M9: =IF(L9="","",IF(OR(LOWER(TRIM(L9))="u.s.a.",LOWER(TRIM(L9))="united states"),"United States",IF(OR(LOWER(TRIM(L9))="spain",LOWER(TRIM(L9))="españa",LOWER(TRIM(L9))="espana"),"Spain",IF(OR(LOWER(TRIM(L9))="mexico",LOWER(TRIM(L9))="méxico"),"Mexico",PROPER(LOWER(TRIM(L9))))))) -> Spain | N9: Website | O9: Workflow Automation | P9: Proposal Sent | Q9: =IF(P9="","",PROPER(LOWER(TRIM(P9)))) -> Proposal Sent | R9: 1500 | S9: 46030 | T9: 46043 | U9: Follow up next week
A10: ALM-0009 | B10: Miguel Rodríguez | C10: miguel.rodriguez72@outlook.com | D10: =LOWER(TRIM(C10)) -> miguel.rodriguez72@outlook.com | G10: =IF(D10="","Missing Email",IF(COUNTIF($D$2:$D$201,D10)>1,"Duplicate","Unique")) -> Unique | I10: =IFERROR(__xludf.DUMMYFUNCTION("IF(C10="""",""Missing"",IF(REGEXMATCH(C10,""^[^@\s]+@[^@\s]+\.[^@\s]+$""),""Valid"",""Invalid""))"),"Valid") -> Valid | J10: +503 70533950 | K10: Nova Commerce | L10: el salvador | M10: =IF(L10="","",IF(OR(LOWER(TRIM(L10))="u.s.a.",LOWER(TRIM(L10))="united states"),"United States",IF(OR(LOWER(TRIM(L10))="spain",LOWER(TRIM(L10))="españa",LOWER(TRIM(L10))="espana"),"Spain",IF(OR(LOWER(TRIM(L10))="mexico",LOWER(TRIM(L10))="méxico"),"Mexico",PROPER(LOWER(TRIM(L10))))))) -> El Salvador | N10: Organic Search | O10: Document Processing | P10: Contacted | Q10: =IF(P10="","",PROPER(LOWER(TRIM(P10)))) -> Contacted | R10: 1500 | S10: 46095 | T10: 46129 | U10: Requested demo | V10: Registros para eliminar
A11: ALM-0010 | B11: Manuel López | C11: manuel.lopez9@outlook.com | D11: =LOWER(TRIM(C11)) -> manuel.lopez9@outlook.com | G11: =IF(D11="","Missing Email",IF(COUNTIF($D$2:$D$201,D11)>1,"Duplicate","Unique")) -> Unique | I11: =IFERROR(__xludf.DUMMYFUNCTION("IF(C11="""",""Missing"",IF(REGEXMATCH(C11,""^[^@\s]+@[^@\s]+\.[^@\s]+$""),""Valid"",""Invalid""))"),"Valid") -> Valid | J11: 2859040010 | K11: Momentum Studio | L11: ARGENTINA | M11: =IF(L11="","",IF(OR(LOWER(TRIM(L11))="u.s.a.",LOWER(TRIM(L11))="united states"),"United States",IF(OR(LOWER(TRIM(L11))="spain",LOWER(TRIM(L11))="españa",LOWER(TRIM(L11))="espana"),"Spain",IF(OR(LOWER(TRIM(L11))="mexico",LOWER(TRIM(L11))="méxico"),"Mexico",PROPER(LOWER(TRIM(L11))))))) -> Argentina | N11: Website | O11: Data Automation | P11: Proposal Sent | Q11: =IF(P11="","",PROPER(LOWER(TRIM(P11)))) -> Proposal Sent | R11: 350 | S11: 46180 | T11: 46181 | U11: Needs pricing | V11: =COUNTIF(H2:H201,"REMOVE*") -> 9
A12: ALM-0011 | B12: Patricia Pérez | C12: patricia.perez5@outlook.com | D12: =LOWER(TRIM(C12)) -> patricia.perez5@outlook.com | G12: =IF(D12="","Missing Email",IF(COUNTIF($D$2:$D$201,D12)>1,"Duplicate","Unique")) -> Unique | I12: =IFERROR(__xludf.DUMMYFUNCTION("IF(C12="""",""Missing"",IF(REGEXMATCH(C12,""^[^@\s]+@[^@\s]+\.[^@\s]+$""),""Valid"",""Invalid""))"),"Valid") -> Valid | J12: +34-105504239 | K12: Nexo Group | L12: spain | M12: =IF(L12="","",IF(OR(LOWER(TRIM(L12))="u.s.a.",LOWER(TRIM(L12))="united states"),"United States",IF(OR(LOWER(TRIM(L12))="spain",LOWER(TRIM(L12))="españa",LOWER(TRIM(L12))="espana"),"Spain",IF(OR(LOWER(TRIM(L12))="mexico",LOWER(TRIM(L12))="méxico"),"Mexico",PROPER(LOWER(TRIM(L12))))))) -> Spain | N12: Website | O12: Workflow Automation | P12: Proposal Sent | Q12: =IF(P12="","",PROPER(LOWER(TRIM(P12)))) -> Proposal Sent | R12: 1200 | S12: 46160 | U12: Interested in automation
A13: ALM-0012 | B13: Andrés Martínez | C13: andres.martinez22@mail.com | D13: =LOWER(TRIM(C13)) -> andres.martinez22@mail.com | G13: =IF(D13="","Missing Email",IF(COUNTIF($D$2:$D$201,D13)>1,"Duplicate","Unique")) -> Unique | I13: =IFERROR(__xludf.DUMMYFUNCTION("IF(C13="""",""Missing"",IF(REGEXMATCH(C13,""^[^@\s]+@[^@\s]+\.[^@\s]+$""),""Valid"",""Invalid""))"),"Valid") -> Valid | J13: +54-2437252546 | K13: Apex Services | L13: ARGENTINA | M13: =IF(L13="","",IF(OR(LOWER(TRIM(L13))="u.s.a.",LOWER(TRIM(L13))="united states"),"United States",IF(OR(LOWER(TRIM(L13))="spain",LOWER(TRIM(L13))="españa",LOWER(TRIM(L13))="espana"),"Spain",IF(OR(LOWER(TRIM(L13))="mexico",LOWER(TRIM(L13))="méxico"),"Mexico",PROPER(LOWER(TRIM(L13))))))) -> Argentina | N13: LinkedIn | O13: Document Processing | P13: Lost | Q13: =IF(P13="","",PROPER(LOWER(TRIM(P13)))) -> Lost | R13: 900 | S13: 46179 | T13: 46199 | U13: Send proposal
A14: ALM-0013 | B14: natalia ortiz | C14: natalia.ortiz66@gmail.com | D14: =LOWER(TRIM(C14)) -> natalia.ortiz66@gmail.com | G14: =IF(D14="","Missing Email",IF(COUNTIF($D$2:$D$201,D14)>1,"Duplicate","Unique")) -> Unique | I14: =IFERROR(__xludf.DUMMYFUNCTION("IF(C14="""",""Missing"",IF(REGEXMATCH(C14,""^[^@\s]+@[^@\s]+\.[^@\s]+$""),""Valid"",""Invalid""))"),"Valid") -> Valid | J14: +54-2332522808 | K14: Sol Solutions | L14: ARGENTINA | M14: =IF(L14="","",IF(OR(LOWER(TRIM(L14))="u.s.a.",LOWER(TRIM(L14))="united states"),"United States",IF(OR(LOWER(TRIM(L14))="spain",LOWER(TRIM(L14))="españa",LOWER(TRIM(L14))="espana"),"Spain",IF(OR(LOWER(TRIM(L14))="mexico",LOWER(TRIM(L14))="méxico"),"Mexico",PROPER(LOWER(TRIM(L14))))))) -> Argentina | N14: LinkedIn | O14: Data Automation | P14: Won | Q14: =IF(P14="","",PROPER(LOWER(TRIM(P14)))) -> Won | R14: 350 | S14: 46051 | T14: 46051 | U14: Send proposal
A15: ALM-0200 | B15: Camila Torres | C15: camila.torres47@company.com | D15: =LOWER(TRIM(C15)) -> camila.torres47@company.com | G15: =IF(D15="","Missing Email",IF(COUNTIF($D$2:$D$201,D15)>1,"Duplicate","Unique")) -> Duplicate | H15: REMOVE — Exact duplicate of ALM-0014 | I15: =IFERROR(__xludf.DUMMYFUNCTION("IF(C15="""",""Missing"",IF(REGEXMATCH(C15,""^[^@\s]+@[^@\s]+\.[^@\s]+$""),""Valid"",""Invalid""))"),"Valid") -> Valid | L15: spain | M15: =IF(L15="","",IF(OR(LOWER(TRIM(L15))="u.s.a.",LOWER(TRIM(L15))="united states"),"United States",IF(OR(LOWER(TRIM(L15))="spain",LOWER(TRIM(L15))="españa",LOWER(TRIM(L15))="espana"),"Spain",IF(OR(LOWER(TRIM(L15))="mexico",LOWER(TRIM(L15))="méxico"),"Mexico",PROPER(LOWER(TRIM(L15))))))) -> Spain | N15: Website | O15: Workflow Automation | P15: Proposal Sent | Q15: =IF(P15="","",PROPER(LOWER(TRIM(P15)))) -> Proposal Sent | R15: 1500 | S15: 46030 | T15: 46043 | U15: Follow up next week
A16: ALM-0015 | B16: Sergio Ortiz | C16: sergio.ortiz49@company.com | D16: =LOWER(TRIM(C16)) -> sergio.ortiz49@company.com | G16: =IF(D16="","Missing Email",IF(COUNTIF($D$2:$D$201,D16)>1,"Duplicate","Unique")) -> Unique | I16: =IFERROR(__xludf.DUMMYFUNCTION("IF(C16="""",""Missing"",IF(REGEXMATCH(C16,""^[^@\s]+@[^@\s]+\.[^@\s]+$""),""Valid"",""Invalid""))"),"Valid") -> Valid | J16: +1-8301135501 | K16: Vision Partners | L16: United States | M16: =IF(L16="","",IF(OR(LOWER(TRIM(L16))="u.s.a.",LOWER(TRIM(L16))="united states"),"United States",IF(OR(LOWER(TRIM(L16))="spain",LOWER(TRIM(L16))="españa",LOWER(TRIM(L16))="espana"),"Spain",IF(OR(LOWER(TRIM(L16))="mexico",LOWER(TRIM(L16))="méxico"),"Mexico",PROPER(LOWER(TRIM(L16))))))) -> United States | N16: Website | O16: Document Processing | P16: New | Q16: =IF(P16="","",PROPER(LOWER(TRIM(P16)))) -> New | R16: 2500 | S16: 46070 | T16: 46081 | U16: Requested demo
A17: ALM-0016 | B17: Javier Díaz | C17: javier.diaz69@gmail.com | D17: =LOWER(TRIM(C17)) -> javier.diaz69@gmail.com | G17: =IF(D17="","Missing Email",IF(COUNTIF($D$2:$D$201,D17)>1,"Duplicate","Unique")) -> Unique | I17: =IFERROR(__xludf.DUMMYFUNCTION("IF(C17="""",""Missing"",IF(REGEXMATCH(C17,""^[^@\s]+@[^@\s]+\.[^@\s]+$""),""Valid"",""Invalid""))"),"Valid") -> Valid | J17: 425439667 | K17: Nova Partners | L17: PERU | M17: =IF(L17="","",IF(OR(LOWER(TRIM(L17))="u.s.a.",LOWER(TRIM(L17))="united states"),"United States",IF(OR(LOWER(TRIM(L17))="spain",LOWER(TRIM(L17))="españa",LOWER(TRIM(L17))="espana"),"Spain",IF(OR(LOWER(TRIM(L17))="mexico",LOWER(TRIM(L17))="méxico"),"Mexico",PROPER(LOWER(TRIM(L17))))))) -> Peru | N17: Organic Search | O17: Document Processing | P17: Lost | Q17: =IF(P17="","",PROPER(LOWER(TRIM(P17)))) -> Lost | R17: 350 | S17: 46137 | T17: 46175 | U17: Follow up next week
A18: ALM-0017 | B18: Javier Martínez | C18: javier.martinez59@mail.com | D18: =LOWER(TRIM(C18)) -> javier.martinez59@mail.com | G18: =IF(D18="","Missing Email",IF(COUNTIF($D$2:$D$201,D18)>1,"Duplicate","Unique")) -> Unique | I18: =IFERROR(__xludf.DUMMYFUNCTION("IF(C18="""",""Missing"",IF(REGEXMATCH(C18,""^[^@\s]+@[^@\s]+\.[^@\s]+$""),""Valid"",""Invalid""))"),"Valid") -> Valid | J18: 2133177044 | K18: Apex Solutions | L18: Argentina | M18: =IF(L18="","",IF(OR(LOWER(TRIM(L18))="u.s.a.",LOWER(TRIM(L18))="united states"),"United States",IF(OR(LOWER(TRIM(L18))="spain",LOWER(TRIM(L18))="españa",LOWER(TRIM(L18))="espana"),"Spain",IF(OR(LOWER(TRIM(L18))="mexico",LOWER(TRIM(L18))="méxico"),"Mexico",PROPER(LOWER(TRIM(L18))))))) -> Argentina | N18: Facebook | O18: Document Processing | P18: Qualified | Q18: =IF(P18="","",PROPER(LOWER(TRIM(P18)))) -> Qualified | R18: 2000 | S18: 46045 | T18: 46079 | U18: Requested demo
A19: ALM-0018 | B19: Isabel Gómez | C19: isabel.gomez32@mail.com | D19: =LOWER(TRIM(C19)) -> isabel.gomez32@mail.com | G19: =IF(D19="","Missing Email",IF(COUNTIF($D$2:$D$201,D19)>1,"Duplicate","Unique")) -> Unique | I19: =IFERROR(__xludf.DUMMYFUNCTION("IF(C19="""",""Missing"",IF(REGEXMATCH(C19,""^[^@\s]+@[^@\s]+\.[^@\s]+$""),""Valid"",""Invalid""))"),"Valid") -> Valid | J19: 825136069 | K19: Apex Consulting | L19: Perú | M19: =IF(L19="","",IF(OR(LOWER(TRIM(L19))="u.s.a.",LOWER(TRIM(L19))="united states"),"United States",IF(OR(LOWER(TRIM(L19))="spain",LOWER(TRIM(L19))="españa",LOWER(TRIM(L19))="espana"),"Spain",IF(OR(LOWER(TRIM(L19))="mexico",LOWER(TRIM(L19))="méxico"),"Mexico",PROPER(LOWER(TRIM(L19))))))) -> Perú | N19: Website | O19: Document Processing | P19: Lost | Q19: =IF(P19="","",PROPER(LOWER(TRIM(P19)))) -> Lost | R19: 4500 | S19: 46245 | T19: 46255 | U19: Send proposal
A20: ALM-0019 | B20: Luis Rodríguez | C20: luis.rodriguez98@gmail.com | D20: =LOWER(TRIM(C20)) -> luis.rodriguez98@gmail.com | G20: =IF(D20="","Missing Email",IF(COUNTIF($D$2:$D$201,D20)>1,"Duplicate","Unique")) -> Unique | I20: =IFERROR(__xludf.DUMMYFUNCTION("IF(C20="""",""Missing"",IF(REGEXMATCH(C20,""^[^@\s]+@[^@\s]+\.[^@\s]+$""),""Valid"",""Invalid""))"),"Valid") -> Valid | J20: +51 380 353 771 | K20: Atlas Consulting | L20: PERU | M20: =IF(L20="","",IF(OR(LOWER(TRIM(L20))="u.s.a.",LOWER(TRIM(L20))="united states"),"United States",IF(OR(LOWER(TRIM(L20))="spain",LOWER(TRIM(L20))="españa",LOWER(TRIM(L20))="espana"),"Spain",IF(OR(LOWER(TRIM(L20))="mexico",LOWER(TRIM(L20))="méxico"),"Mexico",PROPER(LOWER(TRIM(L20))))))) -> Peru | N20: Referral | O20: Data Automation | P20: New | Q20: =IF(P20="","",PROPER(LOWER(TRIM(P20)))) -> New | R20: 3000 | S20: 46037 | T20: 46053 | U20: Needs pricing
A21: ALM-0020 | B21: Natalia Díaz | C21: natalia.diaz38@mail.com | D21: =LOWER(TRIM(C21)) -> natalia.diaz38@mail.com | G21: =IF(D21="","Missing Email",IF(COUNTIF($D$2:$D$201,D21)>1,"Duplicate","Unique")) -> Unique | I21: =IFERROR(__xludf.DUMMYFUNCTION("IF(C21="""",""Missing"",IF(REGEXMATCH(C21,""^[^@\s]+@[^@\s]+\.[^@\s]+$""),""Valid"",""Invalid""))"),"Valid") -> Valid | J21: +503 574 493 38 | K21: Prime Group | L21: EL SALVADOR | M21: =IF(L21="","",IF(OR(LOWER(TRIM(L21))="u.s.a.",LOWER(TRIM(L21))="united states"),"United States",IF(OR(LOWER(TRIM(L21))="spain",LOWER(TRIM(L21))="españa",LOWER(TRIM(L21))="espana"),"Spain",IF(OR(LOWER(TRIM(L21))="mexico",LOWER(TRIM(L21))="méxico"),"Mexico",PROPER(LOWER(TRIM(L21))))))) -> El Salvador | N21: Referral | O21: Document Processing | P21: Contacted | Q21: =IF(P21="","",PROPER(LOWER(TRIM(P21)))) -> Contacted | R21: 1200 | S21: 46231 | T21: 46231
A22: ALM-0021 | B22: Daniel Flores | C22: daniel.flores94@outlook.com | D22: =LOWER(TRIM(C22)) -> daniel.flores94@outlook.com | G22: =IF(D22="","Missing Email",IF(COUNTIF($D$2:$D$201,D22)>1,"Duplicate","Unique")) -> Unique | I22: =IFERROR(__xludf.DUMMYFUNCTION("IF(C22="""",""Missing"",IF(REGEXMATCH(C22,""^[^@\s]+@[^@\s]+\.[^@\s]+$""),""Valid"",""Invalid""))"),"Valid") -> Valid | J22: 61320024 | K22: Urban Commerce | L22: El Salvador | M22: =IF(L22="","",IF(OR(LOWER(TRIM(L22))="u.s.a.",LOWER(TRIM(L22))="united states"),"United States",IF(OR(LOWER(TRIM(L22))="spain",LOWER(TRIM(L22))="españa",LOWER(TRIM(L22))="espana"),"Spain",IF(OR(LOWER(TRIM(L22))="mexico",LOWER(TRIM(L22))="méxico"),"Mexico",PROPER(LOWER(TRIM(L22))))))) -> El Salvador | N22: Instagram | O22: Data Automation | P22: New | Q22: =IF(P22="","",PROPER(LOWER(TRIM(P22)))) -> New | R22: 500 | S22: 46232 | T22: 46263 | U22: Needs pricing
A23: ALM-0060 | B23: Carlos Pérez | C23: carlos.perez33@gmail.com | D23: =LOWER(TRIM(C23)) -> carlos.perez33@gmail.com | G23: =IF(D23="","Missing Email",IF(COUNTIF($D$2:$D$201,D23)>1,"Duplicate","Unique")) -> Duplicate | I23: =IFERROR(__xludf.DUMMYFUNCTION("IF(C23="""",""Missing"",IF(REGEXMATCH(C23,""^[^@\s]+@[^@\s]+\.[^@\s]+$""),""Valid"",""Invalid""))"),"Valid") -> Valid | J23: +1-3771357664 | K23: Bright Works | L23: united states | M23: =IF(L23="","",IF(OR(LOWER(TRIM(L23))="u.s.a.",LOWER(TRIM(L23))="united states"),"United States",IF(OR(LOWER(TRIM(L23))="spain",LOWER(TRIM(L23))="españa",LOWER(TRIM(L23))="espana"),"Spain",IF(OR(LOWER(TRIM(L23))="mexico",LOWER(TRIM(L23))="méxico"),"Mexico",PROPER(LOWER(TRIM(L23))))))) -> United States | N23: Referral | O23: Document Processing | P23: Qualified | Q23: =IF(P23="","",PROPER(LOWER(TRIM(P23)))) -> Qualified | R23: 1500 | S23: 46253 | T23: 46275 | U23: Interested in automation
A24: ALM-0023 | B24: Raúl Hernández | C24: raul.hernandez69@company.com | D24: =LOWER(TRIM(C24)) -> raul.hernandez69@company.com | G24: =IF(D24="","Missing Email",IF(COUNTIF($D$2:$D$201,D24)>1,"Duplicate","Unique")) -> Unique | I24: =IFERROR(__xludf.DUMMYFUNCTION("IF(C24="""",""Missing"",IF(REGEXMATCH(C24,""^[^@\s]+@[^@\s]+\.[^@\s]+$""),""Valid"",""Invalid""))"),"Valid") -> Valid | J24: 1239353409 | K24: Vertex Solutions | L24: argentina | M24: =IF(L24="","",IF(OR(LOWER(TRIM(L24))="u.s.a.",LOWER(TRIM(L24))="united states"),"United States",IF(OR(LOWER(TRIM(L24))="spain",LOWER(TRIM(L24))="españa",LOWER(TRIM(L24))="espana"),"Spain",IF(OR(LOWER(TRIM(L24))="mexico",LOWER(TRIM(L24))="méxico"),"Mexico",PROPER(LOWER(TRIM(L24))))))) -> Argentina | N24: Organic Search | O24: AI Voice Agent | P24: Contacted | Q24: =IF(P24="","",PROPER(LOWER(TRIM(P24)))) -> Contacted | R24: 750 | S24: 46149 | T24: 46157 | U24: Interested in automation
A25: ALM-0024 | B25: Sergio Hernández | C25: sergio.hernandez12@outlook.com | D25: =LOWER(TRIM(C25)) -> sergio.hernandez12@outlook.com | G25: =IF(D25="","Missing Email",IF(COUNTIF($D$2:$D$201,D25)>1,"Duplicate","Unique")) -> Unique | I25: =IFERROR(__xludf.DUMMYFUNCTION("IF(C25="""",""Missing"",IF(REGEXMATCH(C25,""^[^@\s]+@[^@\s]+\.[^@\s]+$""),""Valid"",""Invalid""))"),"Valid") -> Valid | J25: +57 299 254 3784 | K25: Sol Commerce | L25: colombia | M25: =IF(L25="","",IF(OR(LOWER(TRIM(L25))="u.s.a.",LOWER(TRIM(L25))="united states"),"United States",IF(OR(LOWER(TRIM(L25))="spain",LOWER(TRIM(L25))="españa",LOWER(TRIM(L25))="espana"),"Spain",IF(OR(LOWER(TRIM(L25))="mexico",LOWER(TRIM(L25))="méxico"),"Mexico",PROPER(LOWER(TRIM(L25))))))) -> Colombia | N25: Website | O25: Data Automation | P25: Won | Q25: =IF(P25="","",PROPER(LOWER(TRIM(P25)))) -> Won | R25: 2500 | S25: 46033 | T25: 46069 | U25: Interested in automation
A26: ALM-0025 | B26: Paula Díaz | C26: paula.diaz76@mail.com | D26: =LOWER(TRIM(C26)) -> paula.diaz76@mail.com | G26: =IF(D26="","Missing Email",IF(COUNTIF($D$2:$D$201,D26)>1,"Duplicate","Unique")) -> Unique | I26: =IFERROR(__xludf.DUMMYFUNCTION("IF(C26="""",""Missing"",IF(REGEXMATCH(C26,""^[^@\s]+@[^@\s]+\.[^@\s]+$""),""Valid"",""Invalid""))"),"Valid") -> Valid | K26: MOMENTUM SERVICES | L26: Peru | M26: =IF(L26="","",IF(OR(LOWER(TRIM(L26))="u.s.a.",LOWER(TRIM(L26))="united states"),"United States",IF(OR(LOWER(TRIM(L26))="spain",LOWER(TRIM(L26))="españa",LOWER(TRIM(L26))="espana"),"Spain",IF(OR(LOWER(TRIM(L26))="mexico",LOWER(TRIM(L26))="méxico"),"Mexico",PROPER(LOWER(TRIM(L26))))))) -> Peru | N26: Referral | O26: Workflow Automation | P26: Qualified | Q26: =IF(P26="","",PROPER(LOWER(TRIM(P26)))) -> Qualified | R26: 4500 | S26: 46032 | T26: 46068
A27: ALM-0026 | B27: Diego García | C27: diego.garcia78@gmail.com | D27: =LOWER(TRIM(C27)) -> diego.garcia78@gmail.com | G27: =IF(D27="","Missing Email",IF(COUNTIF($D$2:$D$201,D27)>1,"Duplicate","Unique")) -> Unique | I27: =IFERROR(__xludf.DUMMYFUNCTION("IF(C27="""",""Missing"",IF(REGEXMATCH(C27,""^[^@\s]+@[^@\s]+\.[^@\s]+$""),""Valid"",""Invalid""))"),"Valid") -> Valid | J27: 2309827434 | K27: Vision Services | L27: ARGENTINA | M27: =IF(L27="","",IF(OR(LOWER(TRIM(L27))="u.s.a.",LOWER(TRIM(L27))="united states"),"United States",IF(OR(LOWER(TRIM(L27))="spain",LOWER(TRIM(L27))="españa",LOWER(TRIM(L27))="espana"),"Spain",IF(OR(LOWER(TRIM(L27))="mexico",LOWER(TRIM(L27))="méxico"),"Mexico",PROPER(LOWER(TRIM(L27))))))) -> Argentina | N27: Organic Search | O27: Workflow Automation | P27: New | Q27: =IF(P27="","",PROPER(LOWER(TRIM(P27)))) -> New | R27: 1500 | S27: 46253 | T27: 46286 | U27: Requested demo
A28: ALM-0027 | B28: Daniel Pérez | C28: daniel.perez13 @ gmail.com | D28: =LOWER(TRIM(C28)) -> daniel.perez13 @ gmail.com | E28: AUTO-FIX — Remove internal spaces | F28: daniel.perez13@gmail.com | G28: =IF(D28="","Missing Email",IF(COUNTIF($D$2:$D$201,D28)>1,"Duplicate","Unique")) -> Unique | I28: =IFERROR(__xludf.DUMMYFUNCTION("IF(C28="""",""Missing"",IF(REGEXMATCH(C28,""^[^@\s]+@[^@\s]+\.[^@\s]+$""),""Valid"",""Invalid""))"),"Invalid") -> Invalid | K28: Bright Solutions | L28: argentina | M28: =IF(L28="","",IF(OR(LOWER(TRIM(L28))="u.s.a.",LOWER(TRIM(L28))="united states"),"United States",IF(OR(LOWER(TRIM(L28))="spain",LOWER(TRIM(L28))="españa",LOWER(TRIM(L28))="espana"),"Spain",IF(OR(LOWER(TRIM(L28))="mexico",LOWER(TRIM(L28))="méxico"),"Mexico",PROPER(LOWER(TRIM(L28))))))) -> Argentina | N28: Instagram | O28: Data Automation | P28: Won | Q28: =IF(P28="","",PROPER(LOWER(TRIM(P28)))) -> Won | R28: 350 | S28: 46121 | T28: 46153 | U28: Send proposal
A29: ALM-0028 | B29: Fernando Morales | C29: fernando.morales39@company.com | D29: =LOWER(TRIM(C29)) -> fernando.morales39@company.com | G29: =IF(D29="","Missing Email",IF(COUNTIF($D$2:$D$201,D29)>1,"Duplicate","Unique")) -> Unique | I29: =IFERROR(__xludf.DUMMYFUNCTION("IF(C29="""",""Missing"",IF(REGEXMATCH(C29,""^[^@\s]+@[^@\s]+\.[^@\s]+$""),""Valid"",""Invalid""))"),"Valid") -> Valid | J29: +54 5898158879 | K29: Prime Labs | L29: ARGENTINA | M29: =IF(L29="","",IF(OR(LOWER(TRIM(L29))="u.s.a.",LOWER(TRIM(L29))="united states"),"United States",IF(OR(LOWER(TRIM(L29))="spain",LOWER(TRIM(L29))="españa",LOWER(TRIM(L29))="espana"),"Spain",IF(OR(LOWER(TRIM(L29))="mexico",LOWER(TRIM(L29))="méxico"),"Mexico",PROPER(LOWER(TRIM(L29))))))) -> Argentina | N29: Website | O29: AI Voice Agent | P29: Won | Q29: =IF(P29="","",PROPER(LOWER(TRIM(P29)))) -> Won | R29: 4500 | S29: 46206 | T29: 46206 | U29: Interested in automation
A30: ALM-0029 | B30: Alejandro Torres | C30: alejandro.torres56@company.com | D30: =LOWER(TRIM(C30)) -> alejandro.torres56@company.com | G30: =IF(D30="","Missing Email",IF(COUNTIF($D$2:$D$201,D30)>1,"Duplicate","Unique")) -> Unique | I30: =IFERROR(__xludf.DUMMYFUNCTION("IF(C30="""",""Missing"",IF(REGEXMATCH(C30,""^[^@\s]+@[^@\s]+\.[^@\s]+$""),""Valid"",""Invalid""))"),"Valid") -> Valid | J30: +52 0203959259 | K30: Cloud Commerce | L30: Mexico | M30: =IF(L30="","",IF(OR(LOWER(TRIM(L30))="u.s.a.",LOWER(TRIM(L30))="united states"),"United States",IF(OR(LOWER(TRIM(L30))="spain",LOWER(TRIM(L30))="españa",LOWER(TRIM(L30))="espana"),"Spain",IF(OR(LOWER(TRIM(L30))="mexico",LOWER(TRIM(L30))="méxico"),"Mexico",PROPER(LOWER(TRIM(L30))))))) -> Mexico | N30: Organic Search | O30: AI Voice Agent | P30: Qualified | Q30: =IF(P30="","",PROPER(LOWER(TRIM(P30)))) -> Qualified | R30: 3000 | S30: 46103 | T30: 46112
A31: ALM-0030 | B31: Alejandro Ramírez | C31: alejandro.ramirez44@company.com | D31: =LOWER(TRIM(C31)) -> alejandro.ramirez44@company.com | G31: =IF(D31="","Missing Email",IF(COUNTIF($D$2:$D$201,D31)>1,"Duplicate","Unique")) -> Unique | I31: =IFERROR(__xludf.DUMMYFUNCTION("IF(C31="""",""Missing"",IF(REGEXMATCH(C31,""^[^@\s]+@[^@\s]+\.[^@\s]+$""),""Valid"",""Invalid""))"),"Valid") -> Valid | L31: chile | M31: =IF(L31="","",IF(OR(LOWER(TRIM(L31))="u.s.a.",LOWER(TRIM(L31))="united states"),"United States",IF(OR(LOWER(TRIM(L31))="spain",LOWER(TRIM(L31))="españa",LOWER(TRIM(L31))="espana"),"Spain",IF(OR(LOWER(TRIM(L31))="mexico",LOWER(TRIM(L31))="méxico"),"Mexico",PROPER(LOWER(TRIM(L31))))))) -> Chile | N31: Facebook | O31: Data Automation | P31: New | Q31: =IF(P31="","",PROPER(LOWER(TRIM(P31)))) -> New | R31: 2500 | S31: 46134 | T31: 46169 | U31: Interested in automation
A32: ALM-0031 | B32: Raúl Rodríguez | C32: raul.rodriguez57@gmail.com | D32: =LOWER(TRIM(C32)) -> raul.rodriguez57@gmail.com | G32: =IF(D32="","Missing Email",IF(COUNTIF($D$2:$D$201,D32)>1,"Duplicate","Unique")) -> Unique | I32: =IFERROR(__xludf.DUMMYFUNCTION("IF(C32="""",""Missing"",IF(REGEXMATCH(C32,""^[^@\s]+@[^@\s]+\.[^@\s]+$""),""Valid"",""Invalid""))"),"Valid") -> Valid | J32: +52-8554682838 | K32: Blue Studio | L32: México | M32: =IF(L32="","",IF(OR(LOWER(TRIM(L32))="u.s.a.",LOWER(TRIM(L32))="united states"),"United States",IF(OR(LOWER(TRIM(L32))="spain",LOWER(TRIM(L32))="españa",LOWER(TRIM(L32))="espana"),"Spain",IF(OR(LOWER(TRIM(L32))="mexico",LOWER(TRIM(L32))="méxico"),"Mexico",PROPER(LOWER(TRIM(L32))))))) -> Mexico | N32: Facebook | O32: Document Processing | P32: Proposal Sent | Q32: =IF(P32="","",PROPER(LOWER(TRIM(P32)))) -> Proposal Sent | R32: 750 | S32: 46183 | T32: 46216
A33: ALM-0032 | B33: Diego Navarro | C33: diego.navarro64@mail.com | D33: =LOWER(TRIM(C33)) -> diego.navarro64@mail.com | G33: =IF(D33="","Missing Email",IF(COUNTIF($D$2:$D$201,D33)>1,"Duplicate","Unique")) -> Unique | I33: =IFERROR(__xludf.DUMMYFUNCTION("IF(C33="""",""Missing"",IF(REGEXMATCH(C33,""^[^@\s]+@[^@\s]+\.[^@\s]+$""),""Valid"",""Invalid""))"),"Valid") -> Valid | K33: Blue Services | L33: Salvador | M33: =IF(L33="","",IF(OR(LOWER(TRIM(L33))="u.s.a.",LOWER(TRIM(L33))="united states"),"United States",IF(OR(LOWER(TRIM(L33))="spain",LOWER(TRIM(L33))="españa",LOWER(TRIM(L33))="espana"),"Spain",IF(OR(LOWER(TRIM(L33))="mexico",LOWER(TRIM(L33))="méxico"),"Mexico",PROPER(LOWER(TRIM(L33))))))) -> Salvador | N33: Organic Search | O33: Website Chat Agent | P33: New | Q33: =IF(P33="","",PROPER(LOWER(TRIM(P33)))) -> New | S33: 46095 | T33: 46099 | U33: Interested in automation
