Workbook

Sheet README
A1: Case 02 — Data Consolidation & Reporting
A3: Portfolio Sample | B3: Synthetic business data — not real client work.
A4: Scenario | B4: Commercial information is distributed across separate client, lead, activity, and target files.
A5: Objective | B5: Consolidate the sources into a reliable master dataset and create a management report.
A6: Source 1 | B6: CLIENTS — customer master data.
A7: Source 2 | B7: LEADS — lead, channel, service, owner, status and estimated value.
A8: Source 3 | B8: ACTIVITIES — commercial follow-up activity.
A9: Source 4 | B9: TARGETS — monthly estimated-value targets by owner.
A10: Deliverable | B10: MASTER_DATA + REPORT with KPIs and visual summaries.
A11: Skills Demonstrated | B11: Data consolidation, lookups, COUNTIFS, SUMIFS, date logic, reporting and visualization.
A12: Portfolio Note | B12: This workbook is a synthetic portfolio exercise created to demonstrate workflow and spreadsheet skills.

Sheet CLIENTS
A1: Client_ID | B1: Client_Name | C1: Country | D1: Segment | E1: Client_Since
A2: CLI-001 | B2: Client 001 | C2: El Salvador | D2: Professional Services | E2: 46030
A3: CLI-002 | B3: Client 002 | C3: United States | D3: E-commerce | E3: 46037
A4: CLI-003 | B4: Client 003 | C4: Colombia | D4: Hospitality | E4: 46044
A5: CLI-004 | B5: Client 004 | C5: Mexico | D5: SMB | E5: 46051
A6: CLI-005 | B6: Client 005 | C6: Spain | D6: Professional Services | E6: 46058
A7: CLI-006 | B7: Client 006 | C7: El Salvador | D7: E-commerce | E7: 46065
A8: CLI-007 | B8: Client 007 | C8: United States | D8: Hospitality | E8: 46072
A9: CLI-008 | B9: Client 008 | C9: Colombia | D9: SMB | E9: 46079
A10: CLI-009 | B10: Client 009 | C10: Mexico | D10: Professional Services | E10: 46086
A11: CLI-010 | B11: Client 010 | C11: Spain | D11: E-commerce | E11: 46093
A12: CLI-011 | B12: Client 011 | C12: El Salvador | D12: Hospitality | E12: 46100
A13: CLI-012 | B13: Client 012 | C13: United States | D13: SMB | E13: 46107
... A91: CLI-090 | B91: Client 090 | C91: Spain | D91: E-commerce | E91: 46213

Sheet LEADS
A1: Lead_ID | B1: Client_ID | C1: Created_Date | D1: Lead_Source | E1: Service_Interest | F1: Owner | G1: Lead_Status | H1: Estimated_Value_USD
A2: LEAD-001 | B2: CLI-008 | C2: 46032 | D2: LinkedIn | E2: Website Chat Agent | F2: Alex | G2: Qualified | H2: 787
A3: LEAD-002 | B3: CLI-015 | C3: 46041 | D3: Website | E3: Data Automation | F3: Marta | G3: Proposal Sent | H3: 924
A4: LEAD-003 | B4: CLI-022 | C4: 46050 | D4: Facebook | E4: Workflow Automation | F4: Daniel | G4: Won | H4: 1061
A5: LEAD-004 | B5: CLI-029 | C5: 46059 | D5: Instagram | E5: AI Voice Agent | F5: Sofia | G5: Lost | H5: 0
A6: LEAD-005 | B6: CLI-036 | C6: 46068 | D6: Organic Search | E6: Document Processing | F6: Alex | G6: New | H6: 1335
A7: LEAD-006 | C7: 46077 | D7: Referral | E7: Website Chat Agent | F7: Marta | G7: Qualified | H7: 1472
A8: LEAD-007 | B8: CLI-050 | C8: 46086 | D8: LinkedIn | E8: Data Automation | F8: Daniel | G8: Proposal Sent | H8: 1609
A9: LEAD-008 | B9: CLI-057 | C9: 46095 | D9: Website | E9: Workflow Automation | F9: Sofia | G9: Won | H9: 1746
A10: LEAD-009 | B10: CLI-064 | C10: 46104 | D10: Facebook | E10: AI Voice Agent | F10: Alex | G10: Lost | H10: 0
A11: LEAD-010 | B11: CLI-071 | C11: 46113 | D11: Instagram | E11: Document Processing | F11: Marta | G11: New | H11: 2020
A12: LEAD-011 | B12: CLI-078 | C12: 46122 | D12: Organic Search | E12: Website Chat Agent | F12: Daniel | G12: Qualified | H12: 2157
A13: LEAD-012 | C13: 46131 | D13: Referral | E13: Data Automation | F13: Sofia | G13: Proposal Sent | H13: 2294
A14: LEAD-013 | B14: CLI-002 | C14: 46140 | D14: LinkedIn | E14: Workflow Automation | F14: Alex | G14: Won | H14: 2431
A15: LEAD-014 | B15: CLI-009 | C15: 46149 | D15: Website | E15: AI Voice Agent | F15: Marta | G15: Lost | H15: 0
A16: LEAD-015 | B16: CLI-016 | C16: 46158 | D16: Facebook | E16: Document Processing | F16: Daniel | G16: New | H16: 2705
A17: LEAD-016 | B17: CLI-023 | C17: 46167 | D17: Instagram | E17: Website Chat Agent | F17: Sofia | G17: Qualified | H17: 2842
A18: LEAD-017 | B18: CLI-030 | C18: 46176 | D18: Organic Search | E18: Data Automation | F18: Alex | G18: Proposal Sent | H18: 2979
A19: LEAD-018 | C19: 46185 | D19: Referral | E19: Workflow Automation | F19: Marta | G19: Won | H19: 3116
A20: LEAD-019 | B20: CLI-044 | C20: 46194 | D20: LinkedIn | E20: AI Voice Agent | F20: Daniel | G20: Lost | H20: 0
A21: LEAD-020 | B21: CLI-051 | C21: 46203 | D21: Website | E21: Document Processing | F21: Sofia | G21: New | H21: 3390
A22: LEAD-021 | B22: CLI-058 | C22: 46212 | D22: Facebook | E22: Website Chat Agent | F22: Alex | G22: Qualified | H22: 3527
A23: LEAD-022 | B23: CLI-065 | C23: 46221 | D23: Instagram | E23: Data Automation | F23: Marta | G23: Proposal Sent | H23: 3664
A24: LEAD-023 | B24: CLI-072 | C24: 46230 | D24: Organic Search | E24: Workflow Automation | F24: Daniel | G24: Won | H24: 3801
A25: LEAD-024 | C25: 46239 | D25: Referral | E25: AI Voice Agent | F25: Sofia | G25: Lost | H25: 0
A26: LEAD-025 | B26: CLI-086 | C26: 46248 | D26: LinkedIn | E26: Document Processing | F26: Alex | G26: New | H26: 4075
A27: LEAD-026 | B27: CLI-003 | C27: 46257 | D27: Website | E27: Website Chat Agent | F27: Marta | G27: Qualified | H27: 4212
A28: LEAD-027 | B28: CLI-010 | C28: 46026 | D28: Facebook | E28: Data Automation | F28: Daniel | G28: Proposal Sent | H28: 4349
A29: LEAD-028 | B29: CLI-017 | C29: 46035 | D29: Instagram | E29: Workflow Automation | F29: Sofia | G29: Won | H29: 4486
A30: LEAD-029 | B30: CLI-024 | C30: 46044 | D30: Organic Search | E30: AI Voice Agent | F30: Alex | G30: Lost | H30: 0
A31: LEAD-030 | C31: 46053 | D31: Referral | E31: Document Processing | F31: Marta | G31: New | H31: 4760
A32: LEAD-031 | B32: CLI-038 | C32: 46062 | D32: LinkedIn | E32: Website Chat Agent | F32: Daniel | G32: Qualified | H32: 4897
A33: LEAD-032 | B33: CLI-045 | C33: 46071 | D33: Website | E33: Data Automation | F33: Sofia | G33: Proposal Sent | H33: 5034
A34: LEAD-033 | B34: CLI-052 | C34: 46080 | D34: Facebook | E34: Workflow Automation | F34: Alex | G34: Won | H34: 5171
A35: LEAD-034 | B35: CLI-059 | C35: 46089 | D35: Instagram | E35: AI Voice Agent | F35: Marta | G35: Lost | H35: 0
A36: LEAD-035 | B36: CLI-066 | C36: 46098 | D36: Organic Search | E36: Document Processing | F36: Daniel | G36: New | H36: 845
A37: LEAD-036 | C37: 46107 | D37: Referral | E37: Website Chat Agent | F37: Sofia | G37: Qualified | H37: 982
A38: LEAD-037 | B38: CLI-080 | C38: 46116 | D38: LinkedIn | E38: Data Automation | F38: Alex | G38: Proposal Sent | H38: 1119
A39: LEAD-038 | B39: CLI-087 | C39: 46125 | D39: Website | E39: Workflow Automation | F39: Marta | G39: Won | H39: 1256
A40: LEAD-039 | B40: CLI-004 | C40: 46134 | D40: Facebook | E40: AI Voice Agent | F40: Daniel | G40: Lost | H40: 0
A41: LEAD-040 | B41: CLI-011 | C41: 46143 | D41: Instagram | E41: Document Processing | F41: Sofia | G41: New | H41: 1530
A42: LEAD-041 | B42: CLI-018 | C42: 46152 | D42: Organic Search | E42: Website Chat Agent | F42: Alex | G42: Qualified | H42: 1667
A43: LEAD-042 | C43: 46161 | D43: Referral | E43: Data Automation | F43: Marta | G43: Proposal Sent | H43: 1804
A44: LEAD-043 | B44: CLI-032 | C44: 46170 | D44: LinkedIn | E44: Workflow Automation | F44: Daniel | G44: Won | H44: 1941
A45: LEAD-044 | B45: CLI-039 | C45: 46179 | D45: Website | E45: AI Voice Agent | F45: Sofia | G45: Lost | H45: 0
A46: LEAD-045 | B46: CLI-046 | C46: 46188 | D46: Facebook | E46: Document Processing | F46: Alex | G46: New | H46: 2215
A47: LEAD-046 | B47: CLI-053 | C47: 46197 | D47: Instagram | E47: Website Chat Agent | F47: Marta | G47: Qualified | H47: 2352
A48: LEAD-047 | B48: CLI-060 | C48: 46206 | D48: Organic Search | E48: Data Automation | F48: Daniel | G48: Proposal Sent | H48: 2489
A49: LEAD-048 | C49: 46215 | D49: Referral | E49: Workflow Automation | F49: Sofia | G49: Won | H49: 2626
A50: LEAD-049 | B50: CLI-074 | C50: 46224 | D50: LinkedIn | E50: AI Voice Agent | F50: Alex | G50: Lost | H50: 0
A51: LEAD-050 | B51: CLI-081 | C51: 46233 | D51: Website | E51: Document Processing | F51: Marta | G51: New | H51: 2900
A52: LEAD-051 | B52: CLI-088 | C52: 46242 | D52: Facebook | E52: Website Chat Agent | F52: Daniel | G52: Qualified | H52: 3037
A53: LEAD-052 | B53: CLI-005 | C53: 46251 | D53: Instagram | E53: Data Automation | F53: Sofia | G53: Proposal Sent | H53: 3174
A54: LEAD-053 | B54: CLI-012 | C54: 46260 | D54: Organic Search | E54: Workflow Automation | F54: Alex | G54: Won | H54: 3311
A55: LEAD-054 | C55: 46029 | D55: Referral | E55: AI Voice Agent | F55: Marta | G55: Lost | H55: 0
A56: LEAD-055 | B56: CLI-026 | C56: 46038 | D56: LinkedIn | E56: Document Processing | F56: Daniel | G56: New | H56: 3585
A57: LEAD-056 | B57: CLI-033 | C57: 46047 | D57: Website | E57: Website Chat Agent | F57: Sofia | G57: Qualified | H57: 3722
A58: LEAD-057 | B58: CLI-040 | C58: 46056 | D58: Facebook | E58: Data Automation | F58: Alex | G58: Proposal Sent | H58: 3859
A59: LEAD-058 | B59: CLI-047 | C59: 46065 | D59: Instagram | E59: Workflow Automation | F59: Marta | G59: Won | H59: 3996
A60: LEAD-059 | B60: CLI-054 | C60: 46074 | D60: Organic Search | E60: AI Voice Agent | F60: Daniel | G60: Lost | H60: 0
A61: LEAD-060 | C61: 46083 | D61: Referral | E61: Document Processing | F61: Sofia | G61: New | H61: 4270
A62: LEAD-061 | B62: CLI-068 | C62: 46092 | D62: LinkedIn | E62: Website Chat Agent | F62: Alex | G62: Qualified | H62: 4407
A63: LEAD-062 | B63: CLI-075 | C63: 46101 | D63: Website | E63: Data Automation | F63: Marta | G63: Proposal Sent | H63: 4544
A64: LEAD-063 | B64: CLI-082 | C64: 46110 | D64: Facebook | E64: Workflow Automation | F64: Daniel | G64: Won | H64: 4681
A65: LEAD-064 | B65: CLI-089 | C65: 46119 | D65: Instagram | E65: AI Voice Agent | F65: Sofia | G65: Lost | H65: 0
A66: LEAD-065 | B66: CLI-006 | C66: 46128 | D66: Organic Search | E66: Document Processing | F66: Alex | G66: New | H66: 4955
A67: LEAD-066 | C67: 46137 | D67: Referral | E67: Website Chat Agent | F67: Marta | G67: Qualified | H67: 5092
A68: LEAD-067 | B68: CLI-020 | C68: 46146 | D68: LinkedIn | E68: Data Automation | F68: Daniel | G68: Proposal Sent | H68: 5229
A69: LEAD-068 | B69: CLI-027 | C69: 46155 | D69: Website | E69: Workflow Automation | F69: Sofia | G69: Won | H69: 766
A70: LEAD-069 | B70: CLI-034 | C70: 46164 | D70: Facebook | E70: AI Voice Agent | F70: Alex | G70: Lost | H70: 0
A71: LEAD-070 | B71: CLI-041 | C71: 46173 | D71: Instagram | E71: Document Processing | F71: Marta | G71: New | H71: 1040
A72: LEAD-071 | B72: CLI-048 | C72: 46182 | D72: Organic Search | E72: Website Chat Agent | F72: Daniel | G72: Qualified | H72: 1177
A73: LEAD-072 | C73: 46191 | D73: Referral | E73: Data Automation | F73: Sofia | G73: Proposal Sent | H73: 1314
A74: LEAD-073 | B74: CLI-062 | C74: 46200 | D74: LinkedIn | E74: Workflow Automation | F74: Alex | G74: Won | H74: 1451
A75: LEAD-074 | B75: CLI-069 | C75: 46209 | D75: Website | E75: AI Voice Agent | F75: Marta | G75: Lost | H75: 0
A76: LEAD-075 | B76: CLI-076 | C76: 46218 | D76: Facebook | E76: Document Processing | F76: Daniel | G76: New | H76: 1725
A77: LEAD-076 | B77: CLI-083 | C77: 46227 | D77: Instagram | E77: Website Chat Agent | F77: Sofia | G77: Qualified | H77: 1862
A78: LEAD-077 | B78: CLI-090 | C78: 46236 | D78: Organic Search | E78: Data Automation | F78: Alex | G78: Proposal Sent | H78: 1999
A79: LEAD-078 | C79: 46245 | D79: Referral | E79: Workflow Automation | F79: Marta | G79: Won | H79: 2136
A80: LEAD-079 | B80: CLI-014 | C80: 46254 | D80: LinkedIn | E80: AI Voice Agent | F80: Daniel | G80: Lost | H80: 0
A81: LEAD-080 | B81: CLI-021 | C81: 46023 | D81: Website | E81: Document Processing | F81: Sofia | G81: New | H81: 2410
A82: LEAD-081 | B82: CLI-028 | C82: 46032 | D82: Facebook | E82: Website Chat Agent | F82: Alex | G82: Qualified | H82: 2547
A83: LEAD-082 | B83: CLI-035 | C83: 46041 | D83: Instagram | E83: Data Automation | F83: Marta | G83: Proposal Sent | H83: 2684
A84: LEAD-083 | B84: CLI-042 | C84: 46050 | D84: Organic Search | E84: Workflow Automation | F84: Daniel | G84: Won | H84: 2821
A85: LEAD-084 | C85: 46059 | D85: Referral | E85: AI Voice Agent | F85: Sofia | G85: Lost | H85: 0
A86: LEAD-085 | B86: CLI-056 | C86: 46068 | D86: LinkedIn | E86: Document Processing | F86: Alex | G86: New | H86: 3095
A87: LEAD-086 | B87: CLI-063 | C87: 46077 | D87: Website | E87: Website Chat Agent | F87: Marta | G87: Qualified | H87: 3232
A88: LEAD-087 | B88: CLI-070 | C88: 46086 | D88: Facebook | E88: Data Automation | F88: Daniel | G88: Proposal Sent | H88: 3369
A89: LEAD-088 | B89: CLI-077 | C89: 46095 | D89: Instagram | E89: Workflow Automation | F89: Sofia | G89: Won | H89: 3506
A90: LEAD-089 | B90: CLI-084 | C90: 46104 | D90: Organic Search | E90: AI Voice Agent | F90: Alex | G90: Lost | H90: 0
A91: LEAD-090 | C91: 46113 | D91: Referral | E91: Document Processing | F91: Marta | G91: New | H91: 3780
A92: LEAD-091 | B92: CLI-008 | C92: 46122 | D92: LinkedIn | E92: Website Chat Agent | F92: Daniel | G92: Qualified | H92: 3917
A93: LEAD-092 | B93: CLI-015 | C93: 46131 | D93: Website | E93: Data Automation | F93: Sofia | G93: Proposal Sent | H93: 4054
A94: LEAD-093 | B94: CLI-022 | C94: 46140 | D94: Facebook | E94: Workflow Automation | F94: Alex | G94: Won | H94: 4191
A95: LEAD-094 | B95: CLI-029 | C95: 46149 | D95: Instagram | E95: AI Voice Agent | F95: Marta | G95: Lost | H95: 0
A96: LEAD-095 | B96: CLI-036 | C96: 46158 | D96: Organic Search | E96: Document Processing | F96: Daniel | G96: New | H96: 4465
A97: LEAD-096 | C97: 46167 | D97: Referral | E97: Website Chat Agent | F97: Sofia | G97: Qualified | H97: 4602
A98: LEAD-097 | B98: CLI-050 | C98: 46176 | D98: LinkedIn | E98: Data Automation | F98: Alex | G98: Proposal Sent | H98: 4739
A99: LEAD-098 | B99: CLI-057 | C99: 46185 | D99: Website | E99: Workflow Automation | F99: Marta | G99: Won | H99: 4876
A100: LEAD-099 | B100: CLI-064 | C100: 46194 | D100: Facebook | E100: AI Voice Agent | F100: Daniel | G100: Lost | H100: 0
...

Sheet ACTIVITIES
A1: Activity_ID | B1: Lead_ID | C1: Activity_Date | D1: Activity_Type | E1: Owner
A2: ACT-001 | B2: LEAD-014 | C2: 46058 | D2: Meeting | E2: Alex
A3: ACT-002 | B3: LEAD-027 | C3: 46063 | D3: Proposal | E3: Marta
A4: ACT-003 | B4: LEAD-040 | C4: 46068 | D4: Follow-up | E4: Daniel
A5: ACT-004 | B5: LEAD-053 | C5: 46073 | D5: Email | E5: Sofia
A6: ACT-005 | B6: LEAD-066 | C6: 46078 | D6: Meeting | E6: Alex
A7: ACT-006 | B7: LEAD-079 | C7: 46083 | D7: Proposal | E7: Marta
A8: ACT-007 | B8: LEAD-092 | C8: 46088 | D8: Follow-up | E8: Daniel
A9: ACT-008 | B9: LEAD-105 | C9: 46093 | D9: Email | E9: Sofia
A10: ACT-009 | B10: LEAD-118 | C10: 46098 | D10: Meeting | E10: Alex
A11: ACT-010 | B11: LEAD-131 | C11: 46103 | D11: Proposal | E11: Marta
A12: ACT-011 | B12: LEAD-144 | C12: 46108 | D12: Follow-up | E12: Daniel
A13: ACT-012 | B13: LEAD-157 | C13: 46113 | D13: Email | E13: Sofia
... A241: ACT-240 | B241: LEAD-081 | C241: 46028 | D241: Email | E241: Sofia

Sheet TARGETS
A1: Month | B1: Owner | C1: Target_Value_USD
A2: 46023 | B2: Sofia | C2: 15600
A3: 46023 | B3: Daniel | C3: 16100
A4: 46023 | B4: Marta | C4: 15600
A5: 46023 | B5: Alex | C5: 15100
A6: 46054 | B6: Sofia | C6: 16700
A7: 46054 | B7: Daniel | C7: 17200
A8: 46054 | B8: Marta | C8: 16700
A9: 46054 | B9: Alex | C9: 16200
A10: 46082 | B10: Sofia | C10: 17800
A11: 46082 | B11: Daniel | C11: 18300
A12: 46082 | B12: Marta | C12: 17800
A13: 46082 | B13: Alex | C13: 17300
... A33: 46235 | B33: Alex | C33: 15800

Sheet MASTER_DATA
A1: Lead_ID | B1: Client_ID | C1: Client_Name | D1: Country | E1: Segment | F1: Created_Date | G1: Month | H1: Lead_Source | I1: Service_Interest | J1: Owner | K1: Lead_Status | L1: Estimated_Value_USD | M1: Activity_Count | N1: Last_Activity_Date
A2: LEAD-001 | B2: CLI-008 | C2: =IFERROR(VLOOKUP(B2,CLIENTS!$A$2:$E$91,2,FALSE),"Unassigned") -> Client 008 | D2: =IFERROR(VLOOKUP(B2,CLIENTS!$A$2:$E$91,3,FALSE),"Unassigned") -> Colombia | E2: =IFERROR(VLOOKUP(B2,CLIENTS!$A$2:$E$91,4,FALSE),"Unassigned") -> SMB | F2: 46032 | G2: 46023 | H2: LinkedIn | I2: Website Chat Agent | J2: Alex | K2: Qualified | L2: 787 | M2: =COUNTIF(ACTIVITIES!$B$2:$B$241,A2) -> 1 | N2: =IF(M2=0,"",MAXIFS(ACTIVITIES!$C$2:$C$241,ACTIVITIES!$B$2:$B$241,A2)) -> 46118
A3: LEAD-002 | B3: CLI-015 | C3: =IFERROR(VLOOKUP(B3,CLIENTS!$A$2:$E$91,2,FALSE),"Unassigned") -> Client 015 | D3: =IFERROR(VLOOKUP(B3,CLIENTS!$A$2:$E$91,3,FALSE),"Unassigned") -> Spain | E3: =IFERROR(VLOOKUP(B3,CLIENTS!$A$2:$E$91,4,FALSE),"Unassigned") -> Hospitality | F3: 46041 | G3: 46023 | H3: Website | I3: Data Automation | J3: Marta | K3: Proposal Sent | L3: 924 | M3: =COUNTIF(ACTIVITIES!$B$2:$B$241,A3) -> 2 | N3: =IF(M3=0,"",MAXIFS(ACTIVITIES!$C$2:$C$241,ACTIVITIES!$B$2:$B$241,A3)) -> 46238
A4: LEAD-003 | B4: CLI-022 | C4: =IFERROR(VLOOKUP(B4,CLIENTS!$A$2:$E$91,2,FALSE),"Unassigned") -> Client 022 | D4: =IFERROR(VLOOKUP(B4,CLIENTS!$A$2:$E$91,3,FALSE),"Unassigned") -> United States | E4: =IFERROR(VLOOKUP(B4,CLIENTS!$A$2:$E$91,4,FALSE),"Unassigned") -> E-commerce | F4: 46050 | G4: 46023 | H4: Facebook | I4: Workflow Automation | J4: Daniel | K4: Won | L4: 1061 | M4: =COUNTIF(ACTIVITIES!$B$2:$B$241,A4) -> 2 | N4: =IF(M4=0,"",MAXIFS(ACTIVITIES!$C$2:$C$241,ACTIVITIES!$B$2:$B$241,A4)) -> 46243
A5: LEAD-004 | B5: CLI-029 | C5: =IFERROR(VLOOKUP(B5,CLIENTS!$A$2:$E$91,2,FALSE),"Unassigned") -> Client 029 | D5: =IFERROR(VLOOKUP(B5,CLIENTS!$A$2:$E$91,3,FALSE),"Unassigned") -> Mexico | E5: =IFERROR(VLOOKUP(B5,CLIENTS!$A$2:$E$91,4,FALSE),"Unassigned") -> Professional Services | F5: 46059 | G5: 46054 | H5: Instagram | I5: AI Voice Agent | J5: Sofia | K5: Lost | L5: 0 | M5: =COUNTIF(ACTIVITIES!$B$2:$B$241,A5) -> 1 | N5: =IF(M5=0,"",MAXIFS(ACTIVITIES!$C$2:$C$241,ACTIVITIES!$B$2:$B$241,A5)) -> 46118
A6: LEAD-005 | B6: CLI-036 | C6: =IFERROR(VLOOKUP(B6,CLIENTS!$A$2:$E$91,2,FALSE),"Unassigned") -> Client 036 | D6: =IFERROR(VLOOKUP(B6,CLIENTS!$A$2:$E$91,3,FALSE),"Unassigned") -> El Salvador | E6: =IFERROR(VLOOKUP(B6,CLIENTS!$A$2:$E$91,4,FALSE),"Unassigned") -> SMB | F6: 46068 | G6: 46054 | H6: Organic Search | I6: Document Processing | J6: Alex | K6: New | L6: 1335 | M6: =COUNTIF(ACTIVITIES!$B$2:$B$241,A6) -> 1 | N6: =IF(M6=0,"",MAXIFS(ACTIVITIES!$C$2:$C$241,ACTIVITIES!$B$2:$B$241,A6)) -> 46058
A7: LEAD-006 | C7: =IFERROR(VLOOKUP(B7,CLIENTS!$A$2:$E$91,2,FALSE),"Unassigned") -> Unassigned | D7: =IFERROR(VLOOKUP(B7,CLIENTS!$A$2:$E$91,3,FALSE),"Unassigned") -> Unassigned | E7: =IFERROR(VLOOKUP(B7,CLIENTS!$A$2:$E$91,4,FALSE),"Unassigned") -> Unassigned | F7: 46077 | G7: 46054 | H7: Referral | I7: Website Chat Agent | J7: Marta | K7: Qualified | L7: 1472 | M7: =COUNTIF(ACTIVITIES!$B$2:$B$241,A7) -> 2 | N7: =IF(M7=0,"",MAXIFS(ACTIVITIES!$C$2:$C$241,ACTIVITIES!$B$2:$B$241,A7)) -> 46243
A8: LEAD-007 | B8: CLI-050 | C8: =IFERROR(VLOOKUP(B8,CLIENTS!$A$2:$E$91,2,FALSE),"Unassigned") -> Client 050 | D8: =IFERROR(VLOOKUP(B8,CLIENTS!$A$2:$E$91,3,FALSE),"Unassigned") -> Spain | E8: =IFERROR(VLOOKUP(B8,CLIENTS!$A$2:$E$91,4,FALSE),"Unassigned") -> E-commerce | F8: 46086 | G8: 46082 | H8: LinkedIn | I8: Data Automation | J8: Daniel | K8: Proposal Sent | L8: 1609 | M8: =COUNTIF(ACTIVITIES!$B$2:$B$241,A8) -> 2 | N8: =IF(M8=0,"",MAXIFS(ACTIVITIES!$C$2:$C$241,ACTIVITIES!$B$2:$B$241,A8)) -> 46183
A9: LEAD-008 | B9: CLI-057 | C9: =IFERROR(VLOOKUP(B9,CLIENTS!$A$2:$E$91,2,FALSE),"Unassigned") -> Client 057 | D9: =IFERROR(VLOOKUP(B9,CLIENTS!$A$2:$E$91,3,FALSE),"Unassigned") -> United States | E9: =IFERROR(VLOOKUP(B9,CLIENTS!$A$2:$E$91,4,FALSE),"Unassigned") -> Professional Services | F9: 46095 | G9: 46082 | H9: Website | I9: Workflow Automation | J9: Sofia | K9: Won | L9: 1746 | M9: =COUNTIF(ACTIVITIES!$B$2:$B$241,A9) -> 1 | N9: =IF(M9=0,"",MAXIFS(ACTIVITIES!$C$2:$C$241,ACTIVITIES!$B$2:$B$241,A9)) -> 46058
A10: LEAD-009 | B10: CLI-064 | C10: =IFERROR(VLOOKUP(B10,CLIENTS!$A$2:$E$91,2,FALSE),"Unassigned") -> Client 064 | D10: =IFERROR(VLOOKUP(B10,CLIENTS!$A$2:$E$91,3,FALSE),"Unassigned") -> Mexico | E10: =IFERROR(VLOOKUP(B10,CLIENTS!$A$2:$E$91,4,FALSE),"Unassigned") -> SMB | F10: 46104 | G10: 46082 | H10: Facebook | I10: AI Voice Agent | J10: Alex | K10: Lost | L10: 0 | M10: =COUNTIF(ACTIVITIES!$B$2:$B$241,A10) -> 1 | N10: =IF(M10=0,"",MAXIFS(ACTIVITIES!$C$2:$C$241,ACTIVITIES!$B$2:$B$241,A10)) -> 46243
A11: LEAD-010 | B11: CLI-071 | C11: =IFERROR(VLOOKUP(B11,CLIENTS!$A$2:$E$91,2,FALSE),"Unassigned") -> Client 071 | D11: =IFERROR(VLOOKUP(B11,CLIENTS!$A$2:$E$91,3,FALSE),"Unassigned") -> El Salvador | E11: =IFERROR(VLOOKUP(B11,CLIENTS!$A$2:$E$91,4,FALSE),"Unassigned") -> Hospitality | F11: 46113 | G11: 46113 | H11: Instagram | I11: Document Processing | J11: Marta | K11: New | L11: 2020 | M11: =COUNTIF(ACTIVITIES!$B$2:$B$241,A11) -> 2 | N11: =IF(M11=0,"",MAXIFS(ACTIVITIES!$C$2:$C$241,ACTIVITIES!$B$2:$B$241,A11)) -> 46183
A12: LEAD-011 | B12: CLI-078 | C12: =IFERROR(VLOOKUP(B12,CLIENTS!$A$2:$E$91,2,FALSE),"Unassigned") -> Client 078 | D12: =IFERROR(VLOOKUP(B12,CLIENTS!$A$2:$E$91,3,FALSE),"Unassigned") -> Colombia | E12: =IFERROR(VLOOKUP(B12,CLIENTS!$A$2:$E$91,4,FALSE),"Unassigned") -> E-commerce | F12: 46122 | G12: 46113 | H12: Organic Search | I12: Website Chat Agent | J12: Daniel | K12: Qualified | L12: 2157 | M12: =COUNTIF(ACTIVITIES!$B$2:$B$241,A12) -> 2 | N12: =IF(M12=0,"",MAXIFS(ACTIVITIES!$C$2:$C$241,ACTIVITIES!$B$2:$B$241,A12)) -> 46123
A13: LEAD-012 | C13: =IFERROR(VLOOKUP(B13,CLIENTS!$A$2:$E$91,2,FALSE),"Unassigned") -> Unassigned | D13: =IFERROR(VLOOKUP(B13,CLIENTS!$A$2:$E$91,3,FALSE),"Unassigned") -> Unassigned | E13: =IFERROR(VLOOKUP(B13,CLIENTS!$A$2:$E$91,4,FALSE),"Unassigned") -> Unassigned | F13: 46131 | G13: 46113 | H13: Referral | I13: Data Automation | J13: Sofia | K13: Proposal Sent | L13: 2294 | M13: =COUNTIF(ACTIVITIES!$B$2:$B$241,A13) -> 1 | N13: =IF(M13=0,"",MAXIFS(ACTIVITIES!$C$2:$C$241,ACTIVITIES!$B$2:$B$241,A13)) -> 46243
A14: LEAD-013 | B14: CLI-002 | C14: =IFERROR(VLOOKUP(B14,CLIENTS!$A$2:$E$91,2,FALSE),"Unassigned") -> Client 002 | D14: =IFERROR(VLOOKUP(B14,CLIENTS!$A$2:$E$91,3,FALSE),"Unassigned") -> United States | E14: =IFERROR(VLOOKUP(B14,CLIENTS!$A$2:$E$91,4,FALSE),"Unassigned") -> E-commerce | F14: 46140 | G14: 46113 | H14: LinkedIn | I14: Workflow Automation | J14: Alex | K14: Won | L14: 2431 | M14: =COUNTIF(ACTIVITIES!$B$2:$B$241,A14) -> 1 | N14: =IF(M14=0,"",MAXIFS(ACTIVITIES!$C$2:$C$241,ACTIVITIES!$B$2:$B$241,A14)) -> 46183
A15: LEAD-014 | B15: CLI-009 | C15: =IFERROR(VLOOKUP(B15,CLIENTS!$A$2:$E$91,2,FALSE),"Unassigned") -> Client 009 | D15: =IFERROR(VLOOKUP(B15,CLIENTS!$A$2:$E$91,3,FALSE),"Unassigned") -> Mexico | E15: =IFERROR(VLOOKUP(B15,CLIENTS!$A$2:$E$91,4,FALSE),"Unassigned") -> Professional Services | F15: 46149 | G15: 46143 | H15: Website | I15: AI Voice Agent | J15: Marta | K15: Lost | L15: 0 | M15: =COUNTIF(ACTIVITIES!$B$2:$B$241,A15) -> 2 | N15: =IF(M15=0,"",MAXIFS(ACTIVITIES!$C$2:$C$241,ACTIVITIES!$B$2:$B$241,A15)) -> 46123
A16: LEAD-015 | B16: CLI-016 | C16: =IFERROR(VLOOKUP(B16,CLIENTS!$A$2:$E$91,2,FALSE),"Unassigned") -> Client 016 | D16: =IFERROR(VLOOKUP(B16,CLIENTS!$A$2:$E$91,3,FALSE),"Unassigned") -> El Salvador | E16: =IFERROR(VLOOKUP(B16,CLIENTS!$A$2:$E$91,4,FALSE),"Unassigned") -> SMB | F16: 46158 | G16: 46143 | H16: Facebook | I16: Document Processing | J16: Daniel | K16: New | L16: 2705 | M16: =COUNTIF(ACTIVITIES!$B$2:$B$241,A16) -> 2 | N16: =IF(M16=0,"",MAXIFS(ACTIVITIES!$C$2:$C$241,ACTIVITIES!$B$2:$B$241,A16)) -> 46243
A17: LEAD-016 | B17: CLI-023 | C17: =IFERROR(VLOOKUP(B17,CLIENTS!$A$2:$E$91,2,FALSE),"Unassigned") -> Client 023 | D17: =IFERROR(VLOOKUP(B17,CLIENTS!$A$2:$E$91,3,FALSE),"Unassigned") -> Colombia | E17: =IFERROR(VLOOKUP(B17,CLIENTS!$A$2:$E$91,4,FALSE),"Unassigned") -> Hospitality | F17: 46167 | G17: 46143 | H17: Instagram | I17: Website Chat Agent | J17: Sofia | K17: Qualified | L17: 2842 | M17: =COUNTIF(ACTIVITIES!$B$2:$B$241,A17) -> 2 | N17: =IF(M17=0,"",MAXIFS(ACTIVITIES!$C$2:$C$241,ACTIVITIES!$B$2:$B$241,A17)) -> 46248
A18: LEAD-017 | B18: CLI-030 | C18: =IFERROR(VLOOKUP(B18,CLIENTS!$A$2:$E$91,2,FALSE),"Unassigned") -> Client 030 | D18: =IFERROR(VLOOKUP(B18,CLIENTS!$A$2:$E$91,3,FALSE),"Unassigned") -> Spain | E18: =IFERROR(VLOOKUP(B18,CLIENTS!$A$2:$E$91,4,FALSE),"Unassigned") -> E-commerce | F18: 46176 | G18: 46174 | H18: Organic Search | I18: Data Automation | J18: Alex | K18: Proposal Sent | L18: 2979 | M18: =COUNTIF(ACTIVITIES!$B$2:$B$241,A18) -> 1 | N18: =IF(M18=0,"",MAXIFS(ACTIVITIES!$C$2:$C$241,ACTIVITIES!$B$2:$B$241,A18)) -> 46123
A19: LEAD-018 | C19: =IFERROR(VLOOKUP(B19,CLIENTS!$A$2:$E$91,2,FALSE),"Unassigned") -> Unassigned | D19: =IFERROR(VLOOKUP(B19,CLIENTS!$A$2:$E$91,3,FALSE),"Unassigned") -> Unassigned | E19: =IFERROR(VLOOKUP(B19,CLIENTS!$A$2:$E$91,4,FALSE),"Unassigned") -> Unassigned | F19: 46185 | G19: 46174 | H19: Referral | I19: Workflow Automation | J19: Marta | K19: Won | L19: 3116 | M19: =COUNTIF(ACTIVITIES!$B$2:$B$241,A19) -> 1 | N19: =IF(M19=0,"",MAXIFS(ACTIVITIES!$C$2:$C$241,ACTIVITIES!$B$2:$B$241,A19)) -> 46063
A20: LEAD-019 | B20: CLI-044 | C20: =IFERROR(VLOOKUP(B20,CLIENTS!$A$2:$E$91,2,FALSE),"Unassigned") -> Client 044 | D20: =IFERROR(VLOOKUP(B20,CLIENTS!$A$2:$E$91,3,FALSE),"Unassigned") -> Mexico | E20: =IFERROR(VLOOKUP(B20,CLIENTS!$A$2:$E$91,4,FALSE),"Unassigned") -> SMB | F20: 46194 | G20: 46174 | H20: LinkedIn | I20: AI Voice Agent | J20: Daniel | K20: Lost | L20: 0 | M20: =COUNTIF(ACTIVITIES!$B$2:$B$241,A20) -> 2 | N20: =IF(M20=0,"",MAXIFS(ACTIVITIES!$C$2:$C$241,ACTIVITIES!$B$2:$B$241,A20)) -> 46248
A21: LEAD-020 | B21: CLI-051 | C21: =IFERROR(VLOOKUP(B21,CLIENTS!$A$2:$E$91,2,FALSE),"Unassigned") -> Client 051 | D21: =IFERROR(VLOOKUP(B21,CLIENTS!$A$2:$E$91,3,FALSE),"Unassigned") -> El Salvador | E21: =IFERROR(VLOOKUP(B21,CLIENTS!$A$2:$E$91,4,FALSE),"Unassigned") -> Hospitality | F21: 46203 | G21: 46174 | H21: Website | I21: Document Processing | J21: Sofia | K21: New | L21: 3390 | M21: =COUNTIF(ACTIVITIES!$B$2:$B$241,A21) -> 2 | N21: =IF(M21=0,"",MAXIFS(ACTIVITIES!$C$2:$C$241,ACTIVITIES!$B$2:$B$241,A21)) -> 46188
A22: LEAD-021 | B22: CLI-058 | C22: =IFERROR(VLOOKUP(B22,CLIENTS!$A$2:$E$91,2,FALSE),"Unassigned") -> Client 058 | D22: =IFERROR(VLOOKUP(B22,CLIENTS!$A$2:$E$91,3,FALSE),"Unassigned") -> Colombia | E22: =IFERROR(VLOOKUP(B22,CLIENTS!$A$2:$E$91,4,FALSE),"Unassigned") -> E-commerce | F22: 46212 | G22: 46204 | H22: Facebook | I22: Website Chat Agent | J22: Alex | K22: Qualified | L22: 3527 | M22: =COUNTIF(ACTIVITIES!$B$2:$B$241,A22) -> 1 | N22: =IF(M22=0,"",MAXIFS(ACTIVITIES!$C$2:$C$241,ACTIVITIES!$B$2:$B$241,A22)) -> 46063
A23: LEAD-022 | B23: CLI-065 | C23: =IFERROR(VLOOKUP(B23,CLIENTS!$A$2:$E$91,2,FALSE),"Unassigned") -> Client 065 | D23: =IFERROR(VLOOKUP(B23,CLIENTS!$A$2:$E$91,3,FALSE),"Unassigned") -> Spain | E23: =IFERROR(VLOOKUP(B23,CLIENTS!$A$2:$E$91,4,FALSE),"Unassigned") -> Professional Services | F23: 46221 | G23: 46204 | H23: Instagram | I23: Data Automation | J23: Marta | K23: Proposal Sent | L23: 3664 | M23: =COUNTIF(ACTIVITIES!$B$2:$B$241,A23) -> 1 | N23: =IF(M23=0,"",MAXIFS(ACTIVITIES!$C$2:$C$241,ACTIVITIES!$B$2:$B$241,A23)) -> 46248
A24: LEAD-023 | B24: CLI-072 | C24: =IFERROR(VLOOKUP(B24,CLIENTS!$A$2:$E$91,2,FALSE),"Unassigned") -> Client 072 | D24: =IFERROR(VLOOKUP(B24,CLIENTS!$A$2:$E$91,3,FALSE),"Unassigned") -> United States | E24: =IFERROR(VLOOKUP(B24,CLIENTS!$A$2:$E$91,4,FALSE),"Unassigned") -> SMB | F24: 46230 | G24: 46204 | H24: Organic Search | I24: Workflow Automation | J24: Daniel | K24: Won | L24: 3801 | M24: =COUNTIF(ACTIVITIES!$B$2:$B$241,A24) -> 2 | N24: =IF(M24=0,"",MAXIFS(ACTIVITIES!$C$2:$C$241,ACTIVITIES!$B$2:$B$241,A24)) -> 46188
A25: LEAD-024 | C25: =IFERROR(VLOOKUP(B25,CLIENTS!$A$2:$E$91,2,FALSE),"Unassigned") -> Unassigned | D25: =IFERROR(VLOOKUP(B25,CLIENTS!$A$2:$E$91,3,FALSE),"Unassigned") -> Unassigned | E25: =IFERROR(VLOOKUP(B25,CLIENTS!$A$2:$E$91,4,FALSE),"Unassigned") -> Unassigned | F25: 46239 | G25: 46235 | H25: Referral | I25: AI Voice Agent | J25: Sofia | K25: Lost | L25: 0 | M25: =COUNTIF(ACTIVITIES!$B$2:$B$241,A25) -> 2 | N25: =IF(M25=0,"",MAXIFS(ACTIVITIES!$C$2:$C$241,ACTIVITIES!$B$2:$B$241,A25)) -> 46128
A26: LEAD-025 | B26: CLI-086 | C26: =IFERROR(VLOOKUP(B26,CLIENTS!$A$2:$E$91,2,FALSE),"Unassigned") -> Client 086 | D26: =IFERROR(VLOOKUP(B26,CLIENTS!$A$2:$E$91,3,FALSE),"Unassigned") -> El Salvador | E26: =IFERROR(VLOOKUP(B26,CLIENTS!$A$2:$E$91,4,FALSE),"Unassigned") -> E-commerce | F26: 46248 | G26: 46235 | H26: LinkedIn | I26: Document Processing | J26: Alex | K26: New | L26: 4075 | M26: =COUNTIF(ACTIVITIES!$B$2:$B$241,A26) -> 1 | N26: =IF(M26=0,"",MAXIFS(ACTIVITIES!$C$2:$C$241,ACTIVITIES!$B$2:$B$241,A26)) -> 46248
A27: LEAD-026 | B27: CLI-003 | C27: =IFERROR(VLOOKUP(B27,CLIENTS!$A$2:$E$91,2,FALSE),"Unassigned") -> Client 003 | D27: =IFERROR(VLOOKUP(B27,CLIENTS!$A$2:$E$91,3,FALSE),"Unassigned") -> Colombia | E27: =IFERROR(VLOOKUP(B27,CLIENTS!$A$2:$E$91,4,FALSE),"Unassigned") -> Hospitality | F27: 46257 | G27: 46235 | H27: Website | I27: Website Chat Agent | J27: Marta | K27: Qualified | L27: 4212 | M27: =COUNTIF(ACTIVITIES!$B$2:$B$241,A27) -> 1 | N27: =IF(M27=0,"",MAXIFS(ACTIVITIES!$C$2:$C$241,ACTIVITIES!$B$2:$B$241,A27)) -> 46188
A28: LEAD-027 | B28: CLI-010 | C28: =IFERROR(VLOOKUP(B28,CLIENTS!$A$2:$E$91,2,FALSE),"Unassigned") -> Client 010 | D28: =IFERROR(VLOOKUP(B28,CLIENTS!$A$2:$E$91,3,FALSE),"Unassigned") -> Spain | E28: =IFERROR(VLOOKUP(B28,CLIENTS!$A$2:$E$91,4,FALSE),"Unassigned") -> E-commerce | F28: 46026 | G28: 46023 | H28: Facebook | I28: Data Automation | J28: Daniel | K28: Proposal Sent | L28: 4349 | M28: =COUNTIF(ACTIVITIES!$B$2:$B$241,A28) -> 2 | N28: =IF(M28=0,"",MAXIFS(ACTIVITIES!$C$2:$C$241,ACTIVITIES!$B$2:$B$241,A28)) -> 46128
A29: LEAD-028 | B29: CLI-017 | C29: =IFERROR(VLOOKUP(B29,CLIENTS!$A$2:$E$91,2,FALSE),"Unassigned") -> Client 017 | D29: =IFERROR(VLOOKUP(B29,CLIENTS!$A$2:$E$91,3,FALSE),"Unassigned") -> United States | E29: =IFERROR(VLOOKUP(B29,CLIENTS!$A$2:$E$91,4,FALSE),"Unassigned") -> Professional Services | F29: 46035 | G29: 46023 | H29: Instagram | I29: Workflow Automation | J29: Sofia | K29: Won | L29: 4486 | M29: =COUNTIF(ACTIVITIES!$B$2:$B$241,A29) -> 2 | N29: =IF(M29=0,"",MAXIFS(ACTIVITIES!$C$2:$C$241,ACTIVITIES!$B$2:$B$241,A29)) -> 46248
A30: LEAD-029 | B30: CLI-024 | C30: =IFERROR(VLOOKUP(B30,CLIENTS!$A$2:$E$91,2,FALSE),"Unassigned") -> Client 024 | D30: =IFERROR(VLOOKUP(B30,CLIENTS!$A$2:$E$91,3,FALSE),"Unassigned") -> Mexico | E30: =IFERROR(VLOOKUP(B30,CLIENTS!$A$2:$E$91,4,FALSE),"Unassigned") -> SMB | F30: 46044 | G30: 46023 | H30: Organic Search | I30: AI Voice Agent | J30: Alex | K30: Lost | L30: 0 | M30: =COUNTIF(ACTIVITIES!$B$2:$B$241,A30) -> 2 | N30: =IF(M30=0,"",MAXIFS(ACTIVITIES!$C$2:$C$241,ACTIVITIES!$B$2:$B$241,A30)) -> 46253
A31: LEAD-030 | C31: =IFERROR(VLOOKUP(B31,CLIENTS!$A$2:$E$91,2,FALSE),"Unassigned") -> Unassigned | D31: =IFERROR(VLOOKUP(B31,CLIENTS!$A$2:$E$91,3,FALSE),"Unassigned") -> Unassigned | E31: =IFERROR(VLOOKUP(B31,CLIENTS!$A$2:$E$91,4,FALSE),"Unassigned") -> Unassigned | F31: 46053 | G31: 46023 | H31: Referral | I31: Document Processing | J31: Marta | K31: New | L31: 4760 | M31: =COUNTIF(ACTIVITIES!$B$2:$B$241,A31) -> 1 | N31: =IF(M31=0,"",MAXIFS(ACTIVITIES!$C$2:$C$241,ACTIVITIES!$B$2:$B$241,A31)) -> 46128
A32: LEAD-031 | B32: CLI-038 | C32: =IFERROR(VLOOKUP(B32,CLIENTS!$A$2:$E$91,2,FALSE),"Unassigned") -> Client 038 | D32: =IFERROR(VLOOKUP(B32,CLIENTS!$A$2:$E$91,3,FALSE),"Unassigned") -> Colombia | E32: =IFERROR(VLOOKUP(B32,CLIENTS!$A$2:$E$91,4,FALSE),"Unassigned") -> E-commerce | F32: 46062 | G32: 46054 | H32: LinkedIn | I32: Website Chat Agent | J32: Daniel | K32: Qualified | L32: 4897 | M32: =COUNTIF(ACTIVITIES!$B$2:$B$241,A32) -> 1 | N32: =IF(M32=0,"",MAXIFS(ACTIVITIES!$C$2:$C$241,ACTIVITIES!$B$2:$B$241,A32)) -> 46068
A33: LEAD-032 | B33: CLI-045 | C33: =IFERROR(VLOOKUP(B33,CLIENTS!$A$2:$E$91,2,FALSE),"Unassigned") -> Client 045 | D33: =IFERROR(VLOOKUP(B33,CLIENTS!$A$2:$E$91,3,FALSE),"Unassigned") -> Spain | E33: =IFERROR(VLOOKUP(B33,CLIENTS!$A$2:$E$91,4,FALSE),"Unassigned") -> Professional Services | F33: 46071 | G33: 46054 | H33: Website | I33: Data Automation | J33: Sofia | K33: Proposal Sent | L33: 5034 | M33: =COUNTIF(ACTIVITIES!$B$2:$B$241,A33) -> 2 | N33: =IF(M33=0,"",MAXIFS(ACTIVITIES!$C$2:$C$241,ACTIVITIES!$B$2:$B$241,A33)) -> 46253
A34: LEAD-033 | B34: CLI-052 | C34: =IFERROR(VLOOKUP(B34,CLIENTS!$A$2:$E$91,2,FALSE),"Unassigned") -> Client 052 | D34: =IFERROR(VLOOKUP(B34,CLIENTS!$A$2:$E$91,3,FALSE),"Unassigned") -> United States | E34: =IFERROR(VLOOKUP(B34,CLIENTS!$A$2:$E$91,4,FALSE),"Unassigned") -> SMB | F34: 46080 | G34: 46054 | H34: Facebook | I34: Workflow Automation | J34: Alex | K34: Won | L34: 5171 | M34: =COUNTIF(ACTIVITIES!$B$2:$B$241,A34) -> 2 | N34: =IF(M34=0,"",MAXIFS(ACTIVITIES!$C$2:$C$241,ACTIVITIES!$B$2:$B$241,A34)) -> 46193
A35: LEAD-034 | B35: CLI-059 | C35: =IFERROR(VLOOKUP(B35,CLIENTS!$A$2:$E$91,2,FALSE),"Unassigned") -> Client 059 | D35: =IFERROR(VLOOKUP(B35,CLIENTS!$A$2:$E$91,3,FALSE),"Unassigned") -> Mexico | E35: =IFERROR(VLOOKUP(B35,CLIENTS!$A$2:$E$91,4,FALSE),"Unassigned") -> Hospitality | F35: 46089 | G35: 46082 | H35: Instagram | I35: AI Voice Agent | J35: Marta | K35: Lost | L35: 0 | M35: =COUNTIF(ACTIVITIES!$B$2:$B$241,A35) -> 1 | N35: =IF(M35=0,"",MAXIFS(ACTIVITIES!$C$2:$C$241,ACTIVITIES!$B$2:$B$241,A35)) -> 46068
A36: LEAD-035 | B36: CLI-066 | C36: =IFERROR(VLOOKUP(B36,CLIENTS!$A$2:$E$91,2,FALSE),"Unassigned") -> Client 066 | D36: =IFERROR(VLOOKUP(B36,CLIENTS!$A$2:$E$91,3,FALSE),"Unassigned") -> El Salvador | E36: =IFERROR(VLOOKUP(B36,CLIENTS!$A$2:$E$91,4,FALSE),"Unassigned") -> E-commerce | F36: 46098 | G36: 46082 | H36: Organic Search | I36: Document Processing | J36: Daniel | K36: New | L36: 845 | M36: =COUNTIF(ACTIVITIES!$B$2:$B$241,A36) -> 1 | N36: =IF(M36=0,"",MAXIFS(ACTIVITIES!$C$2:$C$241,ACTIVITIES!$B$2:$B$241,A36)) -> 46253
A37: LEAD-036 | C37: =IFERROR(VLOOKUP(B37,CLIENTS!$A$2:$E$91,2,FALSE),"Unassigned") -> Unassigned | D37: =IFERROR(VLOOKUP(B37,CLIENTS!$A$2:$E$91,3,FALSE),"Unassigned") -> Unassigned | E37: =IFERROR(VLOOKUP(B37,CLIENTS!$A$2:$E$91,4,FALSE),"Unassigned") -> Unassigned | F37: 46107 | G37: 46082 | H37: Referral | I37: Website Chat Agent | J37: Sofia | K37: Qualified | L37: 982 | M37: =COUNTIF(ACTIVITIES!$B$2:$B$241,A37) -> 2 | N37: =IF(M37=0,"",MAXIFS(ACTIVITIES!$C$2:$C$241,ACTIVITIES!$B$2:$B$241,A37)) -> 46193
A38: LEAD-037 | B38: CLI-080 | C38: =IFERROR(VLOOKUP(B38,CLIENTS!$A$2:$E$91,2,FALSE),"Unassigned") -> Client 080 | D38: =IFERROR(VLOOKUP(B38,CLIENTS!$A$2:$E$91,3,FALSE),"Unassigned") -> Spain | E38: =IFERROR(VLOOKUP(B38,CLIENTS!$A$2:$E$91,4,FALSE),"Unassigned") -> SMB | F38: 46116 | G38: 46113 | H38: LinkedIn | I38: Data Automation | J38: Alex | K38: Proposal Sent | L38: 1119 | M38: =COUNTIF(ACTIVITIES!$B$2:$B$241,A38) -> 2 | N38: =IF(M38=0,"",MAXIFS(ACTIVITIES!$C$2:$C$241,ACTIVITIES!$B$2:$B$241,A38)) -> 46133
A39: LEAD-038 | B39: CLI-087 | C39: =IFERROR(VLOOKUP(B39,CLIENTS!$A$2:$E$91,2,FALSE),"Unassigned") -> Client 087 | D39: =IFERROR(VLOOKUP(B39,CLIENTS!$A$2:$E$91,3,FALSE),"Unassigned") -> United States | E39: =IFERROR(VLOOKUP(B39,CLIENTS!$A$2:$E$91,4,FALSE),"Unassigned") -> Hospitality | F39: 46125 | G39: 46113 | H39: Website | I39: Workflow Automation | J39: Marta | K39: Won | L39: 1256 | M39: =COUNTIF(ACTIVITIES!$B$2:$B$241,A39) -> 1 | N39: =IF(M39=0,"",MAXIFS(ACTIVITIES!$C$2:$C$241,ACTIVITIES!$B$2:$B$241,A39)) -> 46253
A40: LEAD-039 | B40: CLI-004 | C40: =IFERROR(VLOOKUP(B40,CLIENTS!$A$2:$E$91,2,FALSE),"Unassigned") -> Client 004 | D40: =IFERROR(VLOOKUP(B40,CLIENTS!$A$2:$E$91,3,FALSE),"Unassigned") -> Mexico | E40: =IFERROR(VLOOKUP(B40,CLIENTS!$A$2:$E$91,4,FALSE),"Unassigned") -> SMB | F40: 46134 | G40: 46113 | H40: Facebook | I40: AI Voice Agent | J40: Daniel | K40: Lost | L40: 0 | M40: =COUNTIF(ACTIVITIES!$B$2:$B$241,A40) -> 1 | N40: =IF(M40=0,"",MAXIFS(ACTIVITIES!$C$2:$C$241,ACTIVITIES!$B$2:$B$241,A40)) -> 46193
A41: LEAD-040 | B41: CLI-011 | C41: =IFERROR(VLOOKUP(B41,CLIENTS!$A$2:$E$91,2,FALSE),"Unassigned") -> Client 011 | D41: =IFERROR(VLOOKUP(B41,CLIENTS!$A$2:$E$91,3,FALSE),"Unassigned") -> El Salvador | E41: =IFERROR(VLOOKUP(B41,CLIENTS!$A$2:$E$91,4,FALSE),"Unassigned") -> Hospitality | F41: 46143 | G41: 46143 | H41: Instagram | I41: Document Processing | J41: Sofia | K41: New | L41: 1530 | M41: =COUNTIF(ACTIVITIES!$B$2:$B$241,A41) -> 2 | N41: =IF(M41=0,"",MAXIFS(ACTIVITIES!$C$2:$C$241,ACTIVITIES!$B$2:$B$241,A41)) -> 46133
A42: LEAD-041 | B42: CLI-018 | C42: =IFERROR(VLOOKUP(B42,CLIENTS!$A$2:$E$91,2,FALSE),"Unassigned") -> Client 018 | D42: =IFERROR(VLOOKUP(B42,CLIENTS!$A$2:$E$91,3,FALSE),"Unassigned") -> Colombia | E42: =IFERROR(VLOOKUP(B42,CLIENTS!$A$2:$E$91,4,FALSE),"Unassigned") -> E-commerce | F42: 46152 | G42: 46143 | H42: Organic Search | I42: Website Chat Agent | J42: Alex | K42: Qualified | L42: 1667 | M42: =COUNTIF(ACTIVITIES!$B$2:$B$241,A42) -> 2 | N42: =IF(M42=0,"",MAXIFS(ACTIVITIES!$C$2:$C$241,ACTIVITIES!$B$2:$B$241,A42)) -> 46253
A43: LEAD-042 | C43: =IFERROR(VLOOKUP(B43,CLIENTS!$A$2:$E$91,2,FALSE),"Unassigned") -> Unassigned | D43: =IFERROR(VLOOKUP(B43,CLIENTS!$A$2:$E$91,3,FALSE),"Unassigned") -> Unassigned | E43: =IFERROR(VLOOKUP(B43,CLIENTS!$A$2:$E$91,4,FALSE),"Unassigned") -> Unassigned | F43: 46161 | G43: 46143 | H43: Referral | I43: Data Automation | J43: Marta | K43: Proposal Sent | L43: 1804 | M43: =COUNTIF(ACTIVITIES!$B$2:$B$241,A43) -> 2 | N43: =IF(M43=0,"",MAXIFS(ACTIVITIES!$C$2:$C$241,ACTIVITIES!$B$2:$B$241,A43)) -> 46258
A44: LEAD-043 | B44: CLI-032 | C44: =IFERROR(VLOOKUP(B44,CLIENTS!$A$2:$E$91,2,FALSE),"Unassigned") -> Client 032 | D44: =IFERROR(VLOOKUP(B44,CLIENTS!$A$2:$E$91,3,FALSE),"Unassigned") -> United States | E44: =IFERROR(VLOOKUP(B44,CLIENTS!$A$2:$E$91,4,FALSE),"Unassigned") -> SMB | F44: 46170 | G44: 46143 | H44: LinkedIn | I44: Workflow Automation | J44: Daniel | K44: Won | L44: 1941 | M44: =COUNTIF(ACTIVITIES!$B$2:$B$241,A44) -> 1 | N44: =IF(M44=0,"",MAXIFS(ACTIVITIES!$C$2:$C$241,ACTIVITIES!$B$2:$B$241,A44)) -> 46133
A45: LEAD-044 | B45: CLI-039 | C45: =IFERROR(VLOOKUP(B45,CLIENTS!$A$2:$E$91,2,FALSE),"Unassigned") -> Client 039 | D45: =IFERROR(VLOOKUP(B45,CLIENTS!$A$2:$E$91,3,FALSE),"Unassigned") -> Mexico | E45: =IFERROR(VLOOKUP(B45,CLIENTS!$A$2:$E$91,4,FALSE),"Unassigned") -> Hospitality | F45: 46179 | G45: 46174 | H45: Website | I45: AI Voice Agent | J45: Sofia | K45: Lost | L45: 0 | M45: =COUNTIF(ACTIVITIES!$B$2:$B$241,A45) -> 1 | N45: =IF(M45=0,"",MAXIFS(ACTIVITIES!$C$2:$C$241,ACTIVITIES!$B$2:$B$241,A45)) -> 46073
A46: LEAD-045 | B46: CLI-046 | C46: =IFERROR(VLOOKUP(B46,CLIENTS!$A$2:$E$91,2,FALSE),"Unassigned") -> Client 046 | D46: =IFERROR(VLOOKUP(B46,CLIENTS!$A$2:$E$91,3,FALSE),"Unassigned") -> El Salvador | E46: =IFERROR(VLOOKUP(B46,CLIENTS!$A$2:$E$91,4,FALSE),"Unassigned") -> E-commerce | F46: 46188 | G46: 46174 | H46: Facebook | I46: Document Processing | J46: Alex | K46: New | L46: 2215 | M46: =COUNTIF(ACTIVITIES!$B$2:$B$241,A46) -> 2 | N46: =IF(M46=0,"",MAXIFS(ACTIVITIES!$C$2:$C$241,ACTIVITIES!$B$2:$B$241,A46)) -> 46258
A47: LEAD-046 | B47: CLI-053 | C47: =IFERROR(VLOOKUP(B47,CLIENTS!$A$2:$E$91,2,FALSE),"Unassigned") -> Client 053 | D47: =IFERROR(VLOOKUP(B47,CLIENTS!$A$2:$E$91,3,FALSE),"Unassigned") -> Colombia | E47: =IFERROR(VLOOKUP(B47,CLIENTS!$A$2:$E$91,4,FALSE),"Unassigned") -> Professional Services | F47: 46197 | G47: 46174 | H47: Instagram | I47: Website Chat Agent | J47: Marta | K47: Qualified | L47: 2352 | M47: =COUNTIF(ACTIVITIES!$B$2:$B$241,A47) -> 2 | N47: =IF(M47=0,"",MAXIFS(ACTIVITIES!$C$2:$C$241,ACTIVITIES!$B$2:$B$241,A47)) -> 46198
A48: LEAD-047 | B48: CLI-060 | C48: =IFERROR(VLOOKUP(B48,CLIENTS!$A$2:$E$91,2,FALSE),"Unassigned") -> Client 060 | D48: =IFERROR(VLOOKUP(B48,CLIENTS!$A$2:$E$91,3,FALSE),"Unassigned") -> Spain | E48: =IFERROR(VLOOKUP(B48,CLIENTS!$A$2:$E$91,4,FALSE),"Unassigned") -> SMB | F48: 46206 | G48: 46204 | H48: Organic Search | I48: Data Automation | J48: Daniel | K48: Proposal Sent | L48: 2489 | M48: =COUNTIF(ACTIVITIES!$B$2:$B$241,A48) -> 1 | N48: =IF(M48=0,"",MAXIFS(ACTIVITIES!$C$2:$C$241,ACTIVITIES!$B$2:$B$241,A48)) -> 46073
A49: LEAD-048 | C49: =IFERROR(VLOOKUP(B49,CLIENTS!$A$2:$E$91,2,FALSE),"Unassigned") -> Unassigned | D49: =IFERROR(VLOOKUP(B49,CLIENTS!$A$2:$E$91,3,FALSE),"Unassigned") -> Unassigned | E49: =IFERROR(VLOOKUP(B49,CLIENTS!$A$2:$E$91,4,FALSE),"Unassigned") -> Unassigned | F49: 46215 | G49: 46204 | H49: Referral | I49: Workflow Automation | J49: Sofia | K49: Won | L49: 2626 | M49: =COUNTIF(ACTIVITIES!$B$2:$B$241,A49) -> 1 | N49: =IF(M49=0,"",MAXIFS(ACTIVITIES!$C$2:$C$241,ACTIVITIES!$B$2:$B$241,A49)) -> 46258
A50: LEAD-049 | B50: CLI-074 | C50: =IFERROR(VLOOKUP(B50,CLIENTS!$A$2:$E$91,2,FALSE),"Unassigned") -> Client 074 | D50: =IFERROR(VLOOKUP(B50,CLIENTS!$A$2:$E$91,3,FALSE),"Unassigned") -> Mexico | E50: =IFERROR(VLOOKUP(B50,CLIENTS!$A$2:$E$91,4,FALSE),"Unassigned") -> E-commerce | F50: 46224 | G50: 46204 | H50: LinkedIn | I50: AI Voice Agent | J50: Alex | K50: Lost | L50: 0 | M50: =COUNTIF(ACTIVITIES!$B$2:$B$241,A50) -> 2 | N50: =IF(M50=0,"",MAXIFS(ACTIVITIES!$C$2:$C$241,ACTIVITIES!$B$2:$B$241,A50)) -> 46198
A51: LEAD-050 | B51: CLI-081 | C51: =IFERROR(VLOOKUP(B51,CLIENTS!$A$2:$E$91,2,FALSE),"Unassigned") -> Client 081 | D51: =IFERROR(VLOOKUP(B51,CLIENTS!$A$2:$E$91,3,FALSE),"Unassigned") -> El Salvador | E51: =IFERROR(VLOOKUP(B51,CLIENTS!$A$2:$E$91,4,FALSE),"Unassigned") -> Professional Services | F51: 46233 | G51: 46204 | H51: Website | I51: Document Processing | J51: Marta | K51: New | L51: 2900 | M51: =COUNTIF(ACTIVITIES!$B$2:$B$241,A51) -> 2 | N51: =IF(M51=0,"",MAXIFS(ACTIVITIES!$C$2:$C$241,ACTIVITIES!$B$2:$B$241,A51)) -> 46138
A52: LEAD-051 | B52: CLI-088 | C52: =IFERROR(VLOOKUP(B52,CLIENTS!$A$2:$E$91,2,FALSE),"Unassigned") -> Client 088 | D52: =IFERROR(VLOOKUP(B52,CLIENTS!$A$2:$E$91,3,FALSE),"Unassigned") -> Colombia | E52: =IFERROR(VLOOKUP(B52,CLIENTS!$A$2:$E$91,4,FALSE),"Unassigned") -> SMB | F52: 46242 | G52: 46235 | H52: Facebook | I52: Website Chat Agent | J52: Daniel | K52: Qualified | L52: 3037 | M52: =COUNTIF(ACTIVITIES!$B$2:$B$241,A52) -> 1 | N52: =IF(M52=0,"",MAXIFS(ACTIVITIES!$C$2:$C$241,ACTIVITIES!$B$2:$B$241,A52)) -> 46258
A53: LEAD-052 | B53: CLI-005 | C53: =IFERROR(VLOOKUP(B53,CLIENTS!$A$2:$E$91,2,FALSE),"Unassigned") -> Client 005 | D53: =IFERROR(VLOOKUP(B53,CLIENTS!$A$2:$E$91,3,FALSE),"Unassigned") -> Spain | E53: =IFERROR(VLOOKUP(B53,CLIENTS!$A$2:$E$91,4,FALSE),"Unassigned") -> Professional Services | F53: 46251 | G53: 46235 | H53: Instagram | I53: Data Automation | J53: Sofia | K53: Proposal Sent | L53: 3174 | M53: =COUNTIF(ACTIVITIES!$B$2:$B$241,A53) -> 1 | N53: =IF(M53=0,"",MAXIFS(ACTIVITIES!$C$2:$C$241,ACTIVITIES!$B$2:$B$241,A53)) -> 46198
A54: LEAD-053 | B54: CLI-012 | C54: =IFERROR(VLOOKUP(B54,CLIENTS!$A$2:$E$91,2,FALSE),"Unassigned") -> Client 012 | D54: =IFERROR(VLOOKUP(B54,CLIENTS!$A$2:$E$91,3,FALSE),"Unassigned") -> United States | E54: =IFERROR(VLOOKUP(B54,CLIENTS!$A$2:$E$91,4,FALSE),"Unassigned") -> SMB | F54: 46260 | G54: 46235 | H54: Organic Search | I54: Workflow Automation | J54: Alex | K54: Won | L54: 3311 | M54: =COUNTIF(ACTIVITIES!$B$2:$B$241,A54) -> 2 | N54: =IF(M54=0,"",MAXIFS(ACTIVITIES!$C$2:$C$241,ACTIVITIES!$B$2:$B$241,A54)) -> 46138
A55: LEAD-054 | C55: =IFERROR(VLOOKUP(B55,CLIENTS!$A$2:$E$91,2,FALSE),"Unassigned") -> Unassigned | D55: =IFERROR(VLOOKUP(B55,CLIENTS!$A$2:$E$91,3,FALSE),"Unassigned") -> Unassigned | E55: =IFERROR(VLOOKUP(B55,CLIENTS!$A$2:$E$91,4,FALSE),"Unassigned") -> Unassigned | F55: 46029 | G55: 46023 | H55: Referral | I55: AI Voice Agent | J55: Marta | K55: Lost | L55: 0 | M55: =COUNTIF(ACTIVITIES!$B$2:$B$241,A55) -> 2 | N55: =IF(M55=0,"",MAXIFS(ACTIVITIES!$C$2:$C$241,ACTIVITIES!$B$2:$B$241,A55)) -> 46258
A56: LEAD-055 | B56: CLI-026 | C56: =IFERROR(VLOOKUP(B56,CLIENTS!$A$2:$E$91,2,FALSE),"Unassigned") -> Client 026 | D56: =IFERROR(VLOOKUP(B56,CLIENTS!$A$2:$E$91,3,FALSE),"Unassigned") -> El Salvador | E56: =IFERROR(VLOOKUP(B56,CLIENTS!$A$2:$E$91,4,FALSE),"Unassigned") -> E-commerce | F56: 46038 | G56: 46023 | H56: LinkedIn | I56: Document Processing | J56: Daniel | K56: New | L56: 3585 | M56: =COUNTIF(ACTIVITIES!$B$2:$B$241,A56) -> 2 | N56: =IF(M56=0,"",MAXIFS(ACTIVITIES!$C$2:$C$241,ACTIVITIES!$B$2:$B$241,A56)) -> 46263
A57: LEAD-056 | B57: CLI-033 | C57: =IFERROR(VLOOKUP(B57,CLIENTS!$A$2:$E$91,2,FALSE),"Unassigned") -> Client 033 | D57: =IFERROR(VLOOKUP(B57,CLIENTS!$A$2:$E$91,3,FALSE),"Unassigned") -> Colombia | E57: =IFERROR(VLOOKUP(B57,CLIENTS!$A$2:$E$91,4,FALSE),"Unassigned") -> Professional Services | F57: 46047 | G57: 46023 | H57: Website | I57: Website Chat Agent | J57: Sofia | K57: Qualified | L57: 3722 | M57: =COUNTIF(ACTIVITIES!$B$2:$B$241,A57) -> 1 | N57: =IF(M57=0,"",MAXIFS(ACTIVITIES!$C$2:$C$241,ACTIVITIES!$B$2:$B$241,A57)) -> 46138
A58: LEAD-057 | B58: CLI-040 | C58: =IFERROR(VLOOKUP(B58,CLIENTS!$A$2:$E$91,2,FALSE),"Unassigned") -> Client 040 | D58: =IFERROR(VLOOKUP(B58,CLIENTS!$A$2:$E$91,3,FALSE),"Unassigned") -> Spain | E58: =IFERROR(VLOOKUP(B58,CLIENTS!$A$2:$E$91,4,FALSE),"Unassigned") -> SMB | F58: 46056 | G58: 46054 | H58: Facebook | I58: Data Automation | J58: Alex | K58: Proposal Sent | L58: 3859 | M58: =COUNTIF(ACTIVITIES!$B$2:$B$241,A58) -> 1 | N58: =IF(M58=0,"",MAXIFS(ACTIVITIES!$C$2:$C$241,ACTIVITIES!$B$2:$B$241,A58)) -> 46078
A59: LEAD-058 | B59: CLI-047 | C59: =IFERROR(VLOOKUP(B59,CLIENTS!$A$2:$E$91,2,FALSE),"Unassigned") -> Client 047 | D59: =IFERROR(VLOOKUP(B59,CLIENTS!$A$2:$E$91,3,FALSE),"Unassigned") -> United States | E59: =IFERROR(VLOOKUP(B59,CLIENTS!$A$2:$E$91,4,FALSE),"Unassigned") -> Hospitality | F59: 46065 | G59: 46054 | H59: Instagram | I59: Workflow Automation | J59: Marta | K59: Won | L59: 3996 | M59: =COUNTIF(ACTIVITIES!$B$2:$B$241,A59) -> 2 | N59: =IF(M59=0,"",MAXIFS(ACTIVITIES!$C$2:$C$241,ACTIVITIES!$B$2:$B$241,A59)) -> 46263
A60: LEAD-059 | B60: CLI-054 | C60: =IFERROR(VLOOKUP(B60,CLIENTS!$A$2:$E$91,2,FALSE),"Unassigned") -> Client 054 | D60: =IFERROR(VLOOKUP(B60,CLIENTS!$A$2:$E$91,3,FALSE),"Unassigned") -> Mexico | E60: =IFERROR(VLOOKUP(B60,CLIENTS!$A$2:$E$91,4,FALSE),"Unassigned") -> E-commerce | F60: 46074 | G60: 46054 | H60: Organic Search | I60: AI Voice Agent | J60: Daniel | K60: Lost | L60: 0 | M60: =COUNTIF(ACTIVITIES!$B$2:$B$241,A60) -> 2 | N60: =IF(M60=0,"",MAXIFS(ACTIVITIES!$C$2:$C$241,ACTIVITIES!$B$2:$B$241,A60)) -> 46203
A61: LEAD-060 | C61: =IFERROR(VLOOKUP(B61,CLIENTS!$A$2:$E$91,2,FALSE),"Unassigned") -> Unassigned | D61: =IFERROR(VLOOKUP(B61,CLIENTS!$A$2:$E$91,3,FALSE),"Unassigned") -> Unassigned | E61: =IFERROR(VLOOKUP(B61,CLIENTS!$A$2:$E$91,4,FALSE),"Unassigned") -> Unassigned | F61: 46083 | G61: 46082 | H61: Referral | I61: Document Processing | J61: Sofia | K61: New | L61: 4270 | M61: =COUNTIF(ACTIVITIES!$B$2:$B$241,A61) -> 1 | N61: =IF(M61=0,"",MAXIFS(ACTIVITIES!$C$2:$C$241,ACTIVITIES!$B$2:$B$241,A61)) -> 46078
A62: LEAD-061 | B62: CLI-068 | C62: =IFERROR(VLOOKUP(B62,CLIENTS!$A$2:$E$91,2,FALSE),"Unassigned") -> Client 068 | D62: =IFERROR(VLOOKUP(B62,CLIENTS!$A$2:$E$91,3,FALSE),"Unassigned") -> Colombia | E62: =IFERROR(VLOOKUP(B62,CLIENTS!$A$2:$E$91,4,FALSE),"Unassigned") -> SMB | F62: 46092 | G62: 46082 | H62: LinkedIn | I62: Website Chat Agent | J62: Alex | K62: Qualified | L62: 4407 | M62: =COUNTIF(ACTIVITIES!$B$2:$B$241,A62) -> 1 | N62: =IF(M62=0,"",MAXIFS(ACTIVITIES!$C$2:$C$241,ACTIVITIES!$B$2:$B$241,A62)) -> 46263
A63: LEAD-062 | B63: CLI-075 | C63: =IFERROR(VLOOKUP(B63,CLIENTS!$A$2:$E$91,2,FALSE),"Unassigned") -> Client 075 | D63: =IFERROR(VLOOKUP(B63,CLIENTS!$A$2:$E$91,3,FALSE),"Unassigned") -> Spain | E63: =IFERROR(VLOOKUP(B63,CLIENTS!$A$2:$E$91,4,FALSE),"Unassigned") -> Hospitality | F63: 46101 | G63: 46082 | H63: Website | I63: Data Automation | J63: Marta | K63: Proposal Sent | L63: 4544 | M63: =COUNTIF(ACTIVITIES!$B$2:$B$241,A63) -> 2 | N63: =IF(M63=0,"",MAXIFS(ACTIVITIES!$C$2:$C$241,ACTIVITIES!$B$2:$B$241,A63)) -> 46203
A64: LEAD-063 | B64: CLI-082 | C64: =IFERROR(VLOOKUP(B64,CLIENTS!$A$2:$E$91,2,FALSE),"Unassigned") -> Client 082 | D64: =IFERROR(VLOOKUP(B64,CLIENTS!$A$2:$E$91,3,FALSE),"Unassigned") -> United States | E64: =IFERROR(VLOOKUP(B64,CLIENTS!$A$2:$E$91,4,FALSE),"Unassigned") -> E-commerce | F64: 46110 | G64: 46082 | H64: Facebook | I64: Workflow Automation | J64: Daniel | K64: Won | L64: 4681 | M64: =COUNTIF(ACTIVITIES!$B$2:$B$241,A64) -> 2 | N64: =IF(M64=0,"",MAXIFS(ACTIVITIES!$C$2:$C$241,ACTIVITIES!$B$2:$B$241,A64)) -> 46143
A65: LEAD-064 | B65: CLI-089 | C65: =IFERROR(VLOOKUP(B65,CLIENTS!$A$2:$E$91,2,FALSE),"Unassigned") -> Client 089 | D65: =IFERROR(VLOOKUP(B65,CLIENTS!$A$2:$E$91,3,FALSE),"Unassigned") -> Mexico | E65: =IFERROR(VLOOKUP(B65,CLIENTS!$A$2:$E$91,4,FALSE),"Unassigned") -> Professional Services | F65: 46119 | G65: 46113 | H65: Instagram | I65: AI Voice Agent | J65: Sofia | K65: Lost | L65: 0 | M65: =COUNTIF(ACTIVITIES!$B$2:$B$241,A65) -> 1 | N65: =IF(M65=0,"",MAXIFS(ACTIVITIES!$C$2:$C$241,ACTIVITIES!$B$2:$B$241,A65)) -> 46263
A66: LEAD-065 | B66: CLI-006 | C66: =IFERROR(VLOOKUP(B66,CLIENTS!$A$2:$E$91,2,FALSE),"Unassigned") -> Client 006 | D66: =IFERROR(VLOOKUP(B66,CLIENTS!$A$2:$E$91,3,FALSE),"Unassigned") -> El Salvador | E66: =IFERROR(VLOOKUP(B66,CLIENTS!$A$2:$E$91,4,FALSE),"Unassigned") -> E-commerce | F66: 46128 | G66: 46113 | H66: Organic Search | I66: Document Processing | J66: Alex | K66: New | L66: 4955 | M66: =COUNTIF(ACTIVITIES!$B$2:$B$241,A66) -> 1 | N66: =IF(M66=0,"",MAXIFS(ACTIVITIES!$C$2:$C$241,ACTIVITIES!$B$2:$B$241,A66)) -> 46203
A67: LEAD-066 | C67: =IFERROR(VLOOKUP(B67,CLIENTS!$A$2:$E$91,2,FALSE),"Unassigned") -> Unassigned | D67: =IFERROR(VLOOKUP(B67,CLIENTS!$A$2:$E$91,3,FALSE),"Unassigned") -> Unassigned | E67: =IFERROR(VLOOKUP(B67,CLIENTS!$A$2:$E$91,4,FALSE),"Unassigned") -> Unassigned | F67: 46137 | G67: 46113 | H67: Referral | I67: Website Chat Agent | J67: Marta | K67: Qualified | L67: 5092 | M67: =COUNTIF(ACTIVITIES!$B$2:$B$241,A67) -> 2 | N67: =IF(M67=0,"",MAXIFS(ACTIVITIES!$C$2:$C$241,ACTIVITIES!$B$2:$B$241,A67)) -> 46143
A68: LEAD-067 | B68: CLI-020 | C68: =IFERROR(VLOOKUP(B68,CLIENTS!$A$2:$E$91,2,FALSE),"Unassigned") -> Client 020 | D68: =IFERROR(VLOOKUP(B68,CLIENTS!$A$2:$E$91,3,FALSE),"Unassigned") -> Spain | E68: =IFERROR(VLOOKUP(B68,CLIENTS!$A$2:$E$91,4,FALSE),"Unassigned") -> SMB | F68: 46146 | G68: 46143 | H68: LinkedIn | I68: Data Automation | J68: Daniel | K68: Proposal Sent | L68: 5229 | M68: =COUNTIF(ACTIVITIES!$B$2:$B$241,A68) -> 2 | N68: =IF(M68=0,"",MAXIFS(ACTIVITIES!$C$2:$C$241,ACTIVITIES!$B$2:$B$241,A68)) -> 46263
A69: LEAD-068 | B69: CLI-027 | C69: =IFERROR(VLOOKUP(B69,CLIENTS!$A$2:$E$91,2,FALSE),"Unassigned") -> Client 027 | D69: =IFERROR(VLOOKUP(B69,CLIENTS!$A$2:$E$91,3,FALSE),"Unassigned") -> United States | E69: =IFERROR(VLOOKUP(B69,CLIENTS!$A$2:$E$91,4,FALSE),"Unassigned") -> Hospitality | F69: 46155 | G69: 46143 | H69: Website | I69: Workflow Automation | J69: Sofia | K69: Won | L69: 766 | M69: =COUNTIF(ACTIVITIES!$B$2:$B$241,A69) -> 2 | N69: =IF(M69=0,"",MAXIFS(ACTIVITIES!$C$2:$C$241,ACTIVITIES!$B$2:$B$241,A69)) -> 46203
A70: LEAD-069 | B70: CLI-034 | C70: =IFERROR(VLOOKUP(B70,CLIENTS!$A$2:$E$91,2,FALSE),"Unassigned") -> Client 034 | D70: =IFERROR(VLOOKUP(B70,CLIENTS!$A$2:$E$91,3,FALSE),"Unassigned") -> Mexico | E70: =IFERROR(VLOOKUP(B70,CLIENTS!$A$2:$E$91,4,FALSE),"Unassigned") -> E-commerce | F70: 46164 | G70: 46143 | H70: Facebook | I70: AI Voice Agent | J70: Alex | K70: Lost | L70: 0 | M70: =COUNTIF(ACTIVITIES!$B$2:$B$241,A70) -> 1 | N70: =IF(M70=0,"",MAXIFS(ACTIVITIES!$C$2:$C$241,ACTIVITIES!$B$2:$B$241,A70)) -> 46143
A71: LEAD-070 | B71: CLI-041 | C71: =IFERROR(VLOOKUP(B71,CLIENTS!$A$2:$E$91,2,FALSE),"Unassigned") -> Client 041 | D71: =IFERROR(VLOOKUP(B71,CLIENTS!$A$2:$E$91,3,FALSE),"Unassigned") -> El Salvador | E71: =IFERROR(VLOOKUP(B71,CLIENTS!$A$2:$E$91,4,FALSE),"Unassigned") -> Professional Services | F71: 46173 | G71: 46143 | H71: Instagram | I71: Document Processing | J71: Marta | K71: New | L71: 1040 | M71: =COUNTIF(ACTIVITIES!$B$2:$B$241,A71) -> 1 | N71: =IF(M71=0,"",MAXIFS(ACTIVITIES!$C$2:$C$241,ACTIVITIES!$B$2:$B$241,A71)) -> 46083
A72: LEAD-071 | B72: CLI-048 | C72: =IFERROR(VLOOKUP(B72,CLIENTS!$A$2:$E$91,2,FALSE),"Unassigned") -> Client 048 | D72: =IFERROR(VLOOKUP(B72,CLIENTS!$A$2:$E$91,3,FALSE),"Unassigned") -> Colombia | E72: =IFERROR(VLOOKUP(B72,CLIENTS!$A$2:$E$91,4,FALSE),"Unassigned") -> SMB | F72: 46182 | G72: 46174 | H72: Organic Search | I72: Website Chat Agent | J72: Daniel | K72: Qualified | L72: 1177 | M72: =COUNTIF(ACTIVITIES!$B$2:$B$241,A72) -> 2 | N72: =IF(M72=0,"",MAXIFS(ACTIVITIES!$C$2:$C$241,ACTIVITIES!$B$2:$B$241,A72)) -> 46203
A73: LEAD-072 | C73: =IFERROR(VLOOKUP(B73,CLIENTS!$A$2:$E$91,2,FALSE),"Unassigned") -> Unassigned | D73: =IFERROR(VLOOKUP(B73,CLIENTS!$A$2:$E$91,3,FALSE),"Unassigned") -> Unassigned | E73: =IFERROR(VLOOKUP(B73,CLIENTS!$A$2:$E$91,4,FALSE),"Unassigned") -> Unassigned | F73: 46191 | G73: 46174 | H73: Referral | I73: Data Automation | J73: Sofia | K73: Proposal Sent | L73: 1314 | M73: =COUNTIF(ACTIVITIES!$B$2:$B$241,A73) -> 2 | N73: =IF(M73=0,"",MAXIFS(ACTIVITIES!$C$2:$C$241,ACTIVITIES!$B$2:$B$241,A73)) -> 46208
A74: LEAD-073 | B74: CLI-062 | C74: =IFERROR(VLOOKUP(B74,CLIENTS!$A$2:$E$91,2,FALSE),"Unassigned") -> Client 062 | D74: =IFERROR(VLOOKUP(B74,CLIENTS!$A$2:$E$91,3,FALSE),"Unassigned") -> United States | E74: =IFERROR(VLOOKUP(B74,CLIENTS!$A$2:$E$91,4,FALSE),"Unassigned") -> E-commerce | F74: 46200 | G74: 46174 | H74: LinkedIn | I74: Workflow Automation | J74: Alex | K74: Won | L74: 1451 | M74: =COUNTIF(ACTIVITIES!$B$2:$B$241,A74) -> 1 | N74: =IF(M74=0,"",MAXIFS(ACTIVITIES!$C$2:$C$241,ACTIVITIES!$B$2:$B$241,A74)) -> 46083
A75: LEAD-074 | B75: CLI-069 | C75: =IFERROR(VLOOKUP(B75,CLIENTS!$A$2:$E$91,2,FALSE),"Unassigned") -> Client 069 | D75: =IFERROR(VLOOKUP(B75,CLIENTS!$A$2:$E$91,3,FALSE),"Unassigned") -> Mexico | E75: =IFERROR(VLOOKUP(B75,CLIENTS!$A$2:$E$91,4,FALSE),"Unassigned") -> Professional Services | F75: 46209 | G75: 46204 | H75: Website | I75: AI Voice Agent | J75: Marta | K75: Lost | L75: 0 | M75: =COUNTIF(ACTIVITIES!$B$2:$B$241,A75) -> 1 | N75: =IF(M75=0,"",MAXIFS(ACTIVITIES!$C$2:$C$241,ACTIVITIES!$B$2:$B$241,A75)) -> 46023
A76: LEAD-075 | B76: CLI-076 | C76: =IFERROR(VLOOKUP(B76,CLIENTS!$A$2:$E$91,2,FALSE),"Unassigned") -> Client 076 | D76: =IFERROR(VLOOKUP(B76,CLIENTS!$A$2:$E$91,3,FALSE),"Unassigned") -> El Salvador | E76: =IFERROR(VLOOKUP(B76,CLIENTS!$A$2:$E$91,4,FALSE),"Unassigned") -> SMB | F76: 46218 | G76: 46204 | H76: Facebook | I76: Document Processing | J76: Daniel | K76: New | L76: 1725 | M76: =COUNTIF(ACTIVITIES!$B$2:$B$241,A76) -> 2 | N76: =IF(M76=0,"",MAXIFS(ACTIVITIES!$C$2:$C$241,ACTIVITIES!$B$2:$B$241,A76)) -> 46208
A77: LEAD-076 | B77: CLI-083 | C77: =IFERROR(VLOOKUP(B77,CLIENTS!$A$2:$E$91,2,FALSE),"Unassigned") -> Client 083 | D77: =IFERROR(VLOOKUP(B77,CLIENTS!$A$2:$E$91,3,FALSE),"Unassigned") -> Colombia | E77: =IFERROR(VLOOKUP(B77,CLIENTS!$A$2:$E$91,4,FALSE),"Unassigned") -> Hospitality | F77: 46227 | G77: 46204 | H77: Instagram | I77: Website Chat Agent | J77: Sofia | K77: Qualified | L77: 1862 | M77: =COUNTIF(ACTIVITIES!$B$2:$B$241,A77) -> 2 | N77: =IF(M77=0,"",MAXIFS(ACTIVITIES!$C$2:$C$241,ACTIVITIES!$B$2:$B$241,A77)) -> 46148
A78: LEAD-077 | B78: CLI-090 | C78: =IFERROR(VLOOKUP(B78,CLIENTS!$A$2:$E$91,2,FALSE),"Unassigned") -> Client 090 | D78: =IFERROR(VLOOKUP(B78,CLIENTS!$A$2:$E$91,3,FALSE),"Unassigned") -> Spain | E78: =IFERROR(VLOOKUP(B78,CLIENTS!$A$2:$E$91,4,FALSE),"Unassigned") -> E-commerce | F78: 46236 | G78: 46235 | H78: Organic Search | I78: Data Automation | J78: Alex | K78: Proposal Sent | L78: 1999 | M78: =COUNTIF(ACTIVITIES!$B$2:$B$241,A78) -> 1 | N78: =IF(M78=0,"",MAXIFS(ACTIVITIES!$C$2:$C$241,ACTIVITIES!$B$2:$B$241,A78)) -> 46023
A79: LEAD-078 | C79: =IFERROR(VLOOKUP(B79,CLIENTS!$A$2:$E$91,2,FALSE),"Unassigned") -> Unassigned | D79: =IFERROR(VLOOKUP(B79,CLIENTS!$A$2:$E$91,3,FALSE),"Unassigned") -> Unassigned | E79: =IFERROR(VLOOKUP(B79,CLIENTS!$A$2:$E$91,4,FALSE),"Unassigned") -> Unassigned | F79: 46245 | G79: 46235 | H79: Referral | I79: Workflow Automation | J79: Marta | K79: Won | L79: 2136 | M79: =COUNTIF(ACTIVITIES!$B$2:$B$241,A79) -> 1 | N79: =IF(M79=0,"",MAXIFS(ACTIVITIES!$C$2:$C$241,ACTIVITIES!$B$2:$B$241,A79)) -> 46208
A80: LEAD-079 | B80: CLI-014 | C80: =IFERROR(VLOOKUP(B80,CLIENTS!$A$2:$E$91,2,FALSE),"Unassigned") -> Client 014 | D80: =IFERROR(VLOOKUP(B80,CLIENTS!$A$2:$E$91,3,FALSE),"Unassigned") -> Mexico | E80: =IFERROR(VLOOKUP(B80,CLIENTS!$A$2:$E$91,4,FALSE),"Unassigned") -> E-commerce | F80: 46254 | G80: 46235 | H80: LinkedIn | I80: AI Voice Agent | J80: Daniel | K80: Lost | L80: 0 | M80: =COUNTIF(ACTIVITIES!$B$2:$B$241,A80) -> 2 | N80: =IF(M80=0,"",MAXIFS(ACTIVITIES!$C$2:$C$241,ACTIVITIES!$B$2:$B$241,A80)) -> 46148
A81: LEAD-080 | B81: CLI-021 | C81: =IFERROR(VLOOKUP(B81,CLIENTS!$A$2:$E$91,2,FALSE),"Unassigned") -> Client 021 | D81: =IFERROR(VLOOKUP(B81,CLIENTS!$A$2:$E$91,3,FALSE),"Unassigned") -> El Salvador | E81: =IFERROR(VLOOKUP(B81,CLIENTS!$A$2:$E$91,4,FALSE),"Unassigned") -> Professional Services | F81: 46023 | G81: 46023 | H81: Website | I81: Document Processing | J81: Sofia | K81: New | L81: 2410 | M81: =COUNTIF(ACTIVITIES!$B$2:$B$241,A81) -> 2 | N81: =IF(M81=0,"",MAXIFS(ACTIVITIES!$C$2:$C$241,ACTIVITIES!$B$2:$B$241,A81)) -> 46088
A82: LEAD-081 | B82: CLI-028 | C82: =IFERROR(VLOOKUP(B82,CLIENTS!$A$2:$E$91,2,FALSE),"Unassigned") -> Client 028 | D82: =IFERROR(VLOOKUP(B82,CLIENTS!$A$2:$E$91,3,FALSE),"Unassigned") -> Colombia | E82: =IFERROR(VLOOKUP(B82,CLIENTS!$A$2:$E$91,4,FALSE),"Unassigned") -> SMB | F82: 46032 | G82: 46023 | H82: Facebook | I82: Website Chat Agent | J82: Alex | K82: Qualified | L82: 2547 | M82: =COUNTIF(ACTIVITIES!$B$2:$B$241,A82) -> 2 | N82: =IF(M82=0,"",MAXIFS(ACTIVITIES!$C$2:$C$241,ACTIVITIES!$B$2:$B$241,A82)) -> 46208
A83: LEAD-082 | B83: CLI-035 | C83: =IFERROR(VLOOKUP(B83,CLIENTS!$A$2:$E$91,2,FALSE),"Unassigned") -> Client 035 | D83: =IFERROR(VLOOKUP(B83,CLIENTS!$A$2:$E$91,3,FALSE),"Unassigned") -> Spain | E83: =IFERROR(VLOOKUP(B83,CLIENTS!$A$2:$E$91,4,FALSE),"Unassigned") -> Hospitality | F83: 46041 | G83: 46023 | H83: Instagram | I83: Data Automation | J83: Marta | K83: Proposal Sent | L83: 2684 | M83: =COUNTIF(ACTIVITIES!$B$2:$B$241,A83) -> 1 | N83: =IF(M83=0,"",MAXIFS(ACTIVITIES!$C$2:$C$241,ACTIVITIES!$B$2:$B$241,A83)) -> 46148
A84: LEAD-083 | B84: CLI-042 | C84: =IFERROR(VLOOKUP(B84,CLIENTS!$A$2:$E$91,2,FALSE),"Unassigned") -> Client 042 | D84: =IFERROR(VLOOKUP(B84,CLIENTS!$A$2:$E$91,3,FALSE),"Unassigned") -> United States | E84: =IFERROR(VLOOKUP(B84,CLIENTS!$A$2:$E$91,4,FALSE),"Unassigned") -> E-commerce | F84: 46050 | G84: 46023 | H84: Organic Search | I84: Workflow Automation | J84: Daniel | K84: Won | L84: 2821 | M84: =COUNTIF(ACTIVITIES!$B$2:$B$241,A84) -> 1 | N84: =IF(M84=0,"",MAXIFS(ACTIVITIES!$C$2:$C$241,ACTIVITIES!$B$2:$B$241,A84)) -> 46088
A85: LEAD-084 | C85: =IFERROR(VLOOKUP(B85,CLIENTS!$A$2:$E$91,2,FALSE),"Unassigned") -> Unassigned | D85: =IFERROR(VLOOKUP(B85,CLIENTS!$A$2:$E$91,3,FALSE),"Unassigned") -> Unassigned | E85: =IFERROR(VLOOKUP(B85,CLIENTS!$A$2:$E$91,4,FALSE),"Unassigned") -> Unassigned | F85: 46059 | G85: 46054 | H85: Referral | I85: AI Voice Agent | J85: Sofia | K85: Lost | L85: 0 | M85: =COUNTIF(ACTIVITIES!$B$2:$B$241,A85) -> 2 | N85: =IF(M85=0,"",MAXIFS(ACTIVITIES!$C$2:$C$241,ACTIVITIES!$B$2:$B$241,A85)) -> 46208
A86: LEAD-085 | B86: CLI-056 | C86: =IFERROR(VLOOKUP(B86,CLIENTS!$A$2:$E$91,2,FALSE),"Unassigned") -> Client 056 | D86: =IFERROR(VLOOKUP(B86,CLIENTS!$A$2:$E$91,3,FALSE),"Unassigned") -> El Salvador | E86: =IFERROR(VLOOKUP(B86,CLIENTS!$A$2:$E$91,4,FALSE),"Unassigned") -> SMB | F86: 46068 | G86: 46054 | H86: LinkedIn | I86: Document Processing | J86: Alex | K86: New | L86: 3095 | M86: =COUNTIF(ACTIVITIES!$B$2:$B$241,A86) -> 2 | N86: =IF(M86=0,"",MAXIFS(ACTIVITIES!$C$2:$C$241,ACTIVITIES!$B$2:$B$241,A86)) -> 46213
A87: LEAD-086 | B87: CLI-063 | C87: =IFERROR(VLOOKUP(B87,CLIENTS!$A$2:$E$91,2,FALSE),"Unassigned") -> Client 063 | D87: =IFERROR(VLOOKUP(B87,CLIENTS!$A$2:$E$91,3,FALSE),"Unassigned") -> Colombia | E87: =IFERROR(VLOOKUP(B87,CLIENTS!$A$2:$E$91,4,FALSE),"Unassigned") -> Hospitality | F87: 46077 | G87: 46054 | H87: Website | I87: Website Chat Agent | J87: Marta | K87: Qualified | L87: 3232 | M87: =COUNTIF(ACTIVITIES!$B$2:$B$241,A87) -> 1 | N87: =IF(M87=0,"",MAXIFS(ACTIVITIES!$C$2:$C$241,ACTIVITIES!$B$2:$B$241,A87)) -> 46088
A88: LEAD-087 | B88: CLI-070 | C88: =IFERROR(VLOOKUP(B88,CLIENTS!$A$2:$E$91,2,FALSE),"Unassigned") -> Client 070 | D88: =IFERROR(VLOOKUP(B88,CLIENTS!$A$2:$E$91,3,FALSE),"Unassigned") -> Spain | E88: =IFERROR(VLOOKUP(B88,CLIENTS!$A$2:$E$91,4,FALSE),"Unassigned") -> E-commerce | F88: 46086 | G88: 46082 | H88: Facebook | I88: Data Automation | J88: Daniel | K88: Proposal Sent | L88: 3369 | M88: =COUNTIF(ACTIVITIES!$B$2:$B$241,A88) -> 1 | N88: =IF(M88=0,"",MAXIFS(ACTIVITIES!$C$2:$C$241,ACTIVITIES!$B$2:$B$241,A88)) -> 46028
A89: LEAD-088 | B89: CLI-077 | C89: =IFERROR(VLOOKUP(B89,CLIENTS!$A$2:$E$91,2,FALSE),"Unassigned") -> Client 077 | D89: =IFERROR(VLOOKUP(B89,CLIENTS!$A$2:$E$91,3,FALSE),"Unassigned") -> United States | E89: =IFERROR(VLOOKUP(B89,CLIENTS!$A$2:$E$91,4,FALSE),"Unassigned") -> Professional Services | F89: 46095 | G89: 46082 | H89: Instagram | I89: Workflow Automation | J89: Sofia | K89: Won | L89: 3506 | M89: =COUNTIF(ACTIVITIES!$B$2:$B$241,A89) -> 2 | N89: =IF(M89=0,"",MAXIFS(ACTIVITIES!$C$2:$C$241,ACTIVITIES!$B$2:$B$241,A89)) -> 46213
A90: LEAD-089 | B90: CLI-084 | C90: =IFERROR(VLOOKUP(B90,CLIENTS!$A$2:$E$91,2,FALSE),"Unassigned") -> Client 084 | D90: =IFERROR(VLOOKUP(B90,CLIENTS!$A$2:$E$91,3,FALSE),"Unassigned") -> Mexico | E90: =IFERROR(VLOOKUP(B90,CLIENTS!$A$2:$E$91,4,FALSE),"Unassigned") -> SMB | F90: 46104 | G90: 46082 | H90: Organic Search | I90: AI Voice Agent | J90: Alex | K90: Lost | L90: 0 | M90: =COUNTIF(ACTIVITIES!$B$2:$B$241,A90) -> 2 | N90: =IF(M90=0,"",MAXIFS(ACTIVITIES!$C$2:$C$241,ACTIVITIES!$B$2:$B$241,A90)) -> 46153
A91: LEAD-090 | C91: =IFERROR(VLOOKUP(B91,CLIENTS!$A$2:$E$91,2,FALSE),"Unassigned") -> Unassigned | D91: =IFERROR(VLOOKUP(B91,CLIENTS!$A$2:$E$91,3,FALSE),"Unassigned") -> Unassigned | E91: =IFERROR(VLOOKUP(B91,CLIENTS!$A$2:$E$91,4,FALSE),"Unassigned") -> Unassigned | F91: 46113 | G91: 46113 | H91: Referral | I91: Document Processing | J91: Marta | K91: New | L91: 3780 | M91: =COUNTIF(ACTIVITIES!$B$2:$B$241,A91) -> 1 | N91: =IF(M91=0,"",MAXIFS(ACTIVITIES!$C$2:$C$241,ACTIVITIES!$B$2:$B$241,A91)) -> 46028
A92: LEAD-091 | B92: CLI-008 | C92: =IFERROR(VLOOKUP(B92,CLIENTS!$A$2:$E$91,2,FALSE),"Unassigned") -> Client 008 | D92: =IFERROR(VLOOKUP(B92,CLIENTS!$A$2:$E$91,3,FALSE),"Unassigned") -> Colombia | E92: =IFERROR(VLOOKUP(B92,CLIENTS!$A$2:$E$91,4,FALSE),"Unassigned") -> SMB | F92: 46122 | G92: 46113 | H92: LinkedIn | I92: Website Chat Agent | J92: Daniel | K92: Qualified | L92: 3917 | M92: =COUNTIF(ACTIVITIES!$B$2:$B$241,A92) -> 1 | N92: =IF(M92=0,"",MAXIFS(ACTIVITIES!$C$2:$C$241,ACTIVITIES!$B$2:$B$241,A92)) -> 46213
A93: LEAD-092 | B93: CLI-015 | C93: =IFERROR(VLOOKUP(B93,CLIENTS!$A$2:$E$91,2,FALSE),"Unassigned") -> Client 015 | D93: =IFERROR(VLOOKUP(B93,CLIENTS!$A$2:$E$91,3,FALSE),"Unassigned") -> Spain | E93: =IFERROR(VLOOKUP(B93,CLIENTS!$A$2:$E$91,4,FALSE),"Unassigned") -> Hospitality | F93: 46131 | G93: 46113 | H93: Website | I93: Data Automation | J93: Sofia | K93: Proposal Sent | L93: 4054 | M93: =COUNTIF(ACTIVITIES!$B$2:$B$241,A93) -> 2 | N93: =IF(M93=0,"",MAXIFS(ACTIVITIES!$C$2:$C$241,ACTIVITIES!$B$2:$B$241,A93)) -> 46153
A94: LEAD-093 | B94: CLI-022 | C94: =IFERROR(VLOOKUP(B94,CLIENTS!$A$2:$E$91,2,FALSE),"Unassigned") -> Client 022 | D94: =IFERROR(VLOOKUP(B94,CLIENTS!$A$2:$E$91,3,FALSE),"Unassigned") -> United States | E94: =IFERROR(VLOOKUP(B94,CLIENTS!$A$2:$E$91,4,FALSE),"Unassigned") -> E-commerce | F94: 46140 | G94: 46113 | H94: Facebook | I94: Workflow Automation | J94: Alex | K94: Won | L94: 4191 | M94: =COUNTIF(ACTIVITIES!$B$2:$B$241,A94) -> 2 | N94: =IF(M94=0,"",MAXIFS(ACTIVITIES!$C$2:$C$241,ACTIVITIES!$B$2:$B$241,A94)) -> 46093
A95: LEAD-094 | B95: CLI-029 | C95: =IFERROR(VLOOKUP(B95,CLIENTS!$A$2:$E$91,2,FALSE),"Unassigned") -> Client 029 | D95: =IFERROR(VLOOKUP(B95,CLIENTS!$A$2:$E$91,3,FALSE),"Unassigned") -> Mexico | E95: =IFERROR(VLOOKUP(B95,CLIENTS!$A$2:$E$91,4,FALSE),"Unassigned") -> Professional Services | F95: 46149 | G95: 46143 | H95: Instagram | I95: AI Voice Agent | J95: Marta | K95: Lost | L95: 0 | M95: =COUNTIF(ACTIVITIES!$B$2:$B$241,A95) -> 1 | N95: =IF(M95=0,"",MAXIFS(ACTIVITIES!$C$2:$C$241,ACTIVITIES!$B$2:$B$241,A95)) -> 46213
A96: LEAD-095 | B96: CLI-036 | C96: =IFERROR(VLOOKUP(B96,CLIENTS!$A$2:$E$91,2,FALSE),"Unassigned") -> Client 036 | D96: =IFERROR(VLOOKUP(B96,CLIENTS!$A$2:$E$91,3,FALSE),"Unassigned") -> El Salvador | E96: =IFERROR(VLOOKUP(B96,CLIENTS!$A$2:$E$91,4,FALSE),"Unassigned") -> SMB | F96: 46158 | G96: 46143 | H96: Organic Search | I96: Document Processing | J96: Daniel | K96: New | L96: 4465 | M96: =COUNTIF(ACTIVITIES!$B$2:$B$241,A96) -> 1 | N96: =IF(M96=0,"",MAXIFS(ACTIVITIES!$C$2:$C$241,ACTIVITIES!$B$2:$B$241,A96)) -> 46153
A97: LEAD-096 | C97: =IFERROR(VLOOKUP(B97,CLIENTS!$A$2:$E$91,2,FALSE),"Unassigned") -> Unassigned | D97: =IFERROR(VLOOKUP(B97,CLIENTS!$A$2:$E$91,3,FALSE),"Unassigned") -> Unassigned | E97: =IFERROR(VLOOKUP(B97,CLIENTS!$A$2:$E$91,4,FALSE),"Unassigned") -> Unassigned | F97: 46167 | G97: 46143 | H97: Referral | I97: Website Chat Agent | J97: Sofia | K97: Qualified | L97: 4602 | M97: =COUNTIF(ACTIVITIES!$B$2:$B$241,A97) -> 1 | N97: =IF(M97=0,"",MAXIFS(ACTIVITIES!$C$2:$C$241,ACTIVITIES!$B$2:$B$241,A97)) -> 46093
A98: LEAD-097 | B98: CLI-050 | C98: =IFERROR(VLOOKUP(B98,CLIENTS!$A$2:$E$91,2,FALSE),"Unassigned") -> Client 050 | D98: =IFERROR(VLOOKUP(B98,CLIENTS!$A$2:$E$91,3,FALSE),"Unassigned") -> Spain | E98: =IFERROR(VLOOKUP(B98,CLIENTS!$A$2:$E$91,4,FALSE),"Unassigned") -> E-commerce | F98: 46176 | G98: 46174 | H98: LinkedIn | I98: Data Automation | J98: Alex | K98: Proposal Sent | L98: 4739 | M98: =COUNTIF(ACTIVITIES!$B$2:$B$241,A98) -> 2 | N98: =IF(M98=0,"",MAXIFS(ACTIVITIES!$C$2:$C$241,ACTIVITIES!$B$2:$B$241,A98)) -> 46213
A99: LEAD-098 | B99: CLI-057 | C99: =IFERROR(VLOOKUP(B99,CLIENTS!$A$2:$E$91,2,FALSE),"Unassigned") -> Client 057 | D99: =IFERROR(VLOOKUP(B99,CLIENTS!$A$2:$E$91,3,FALSE),"Unassigned") -> United States | E99: =IFERROR(VLOOKUP(B99,CLIENTS!$A$2:$E$91,4,FALSE),"Unassigned") -> Professional Services | F99: 46185 | G99: 46174 | H99: Website | I99: Workflow Automation | J99: Marta | K99: Won | L99: 4876 | M99: =COUNTIF(ACTIVITIES!$B$2:$B$241,A99) -> 2 | N99: =IF(M99=0,"",MAXIFS(ACTIVITIES!$C$2:$C$241,ACTIVITIES!$B$2:$B$241,A99)) -> 46218
A100: LEAD-099 | B100: CLI-064 | C100: =IFERROR(VLOOKUP(B100,CLIENTS!$A$2:$E$91,2,FALSE),"Unassigned") -> Client 064 | D100: =IFERROR(VLOOKUP(B100,CLIENTS!$A$2:$E$91,3,FALSE),"Unassigned") -> Mexico | E100: =IFERROR(VLOOKUP(B100,CLIENTS!$A$2:$E$91,4,FALSE),"Unassigned") -> SMB | F100: 46194 | G100: 46174 | H100: Facebook | I100: AI Voice Agent | J100: Daniel | K100: Lost | L100: 0 | M100: =COUNTIF(ACTIVITIES!$B$2:$B$241,A100) -> 1 | N100: =IF(M100=0,"",MAXIFS(ACTIVITIES!$C$2:$C$241,ACTIVITIES!$B$2:$B$241,A100)) -> 46093
...

Sheet REPORT
A1: Business Consolidation & Performance Report
A2: Portfolio Sample — Synthetic Multi-Source Business Data
A4: Total Leads | C4: Estimated Pipeline | E4: Won Leads | G4: Conversion Rate | I4: Commercial Activities
A5: =COUNTA(MASTER_DATA!A2:A161) -> 160 | C5: =SUM(MASTER_DATA!L2:L161) -> 368064 | E5: =COUNTIF(MASTER_DATA!K2:K161,"Won") -> 32 | G5: =COUNTIF(MASTER_DATA!K2:K161,"Won")/COUNTA(MASTER_DATA!A2:A161) -> 0.2 | I5: =COUNTA(ACTIVITIES!A2:A241) -> 240
A8: Lead Status | B8: Count | D8: Lead Source | E8: Count | G8: Service Interest | H8: Pipeline Value
A9: New | B9: =COUNTIF(MASTER_DATA!$K$2:$K$161,A9) -> 32 | D9: Website | E9: =COUNTIF(MASTER_DATA!$H$2:$H$161,D9) -> 27 | G9: Workflow Automation | H9: =SUMIF(MASTER_DATA!$I$2:$I$161,G9,MASTER_DATA!$L$2:$L$161) -> 93112
A10: Qualified | B10: =COUNTIF(MASTER_DATA!$K$2:$K$161,A10) -> 32 | D10: LinkedIn | E10: =COUNTIF(MASTER_DATA!$H$2:$H$161,D10) -> 27 | G10: Document Processing | H10: =SUMIF(MASTER_DATA!$I$2:$I$161,G10,MASTER_DATA!$L$2:$L$161) -> 92680
A11: Proposal Sent | B11: =COUNTIF(MASTER_DATA!$K$2:$K$161,A11) -> 32 | D11: Referral | E11: =COUNTIF(MASTER_DATA!$H$2:$H$161,D11) -> 26 | G11: Data Automation | H11: =SUMIF(MASTER_DATA!$I$2:$I$161,G11,MASTER_DATA!$L$2:$L$161) -> 93328
A12: Won | B12: =COUNTIF(MASTER_DATA!$K$2:$K$161,A12) -> 32 | D12: Organic Search | E12: =COUNTIF(MASTER_DATA!$H$2:$H$161,D12) -> 26 | G12: AI Voice Agent | H12: =SUMIF(MASTER_DATA!$I$2:$I$161,G12,MASTER_DATA!$L$2:$L$161) -> 0
A13: Lost | B13: =COUNTIF(MASTER_DATA!$K$2:$K$161,A13) -> 32 | D13: Instagram | E13: =COUNTIF(MASTER_DATA!$H$2:$H$161,D13) -> 27 | G13: Website Chat Agent | H13: =SUMIF(MASTER_DATA!$I$2:$I$161,G13,MASTER_DATA!$L$2:$L$161) -> 88944
D14: Facebook | E14: =COUNTIF(MASTER_DATA!$H$2:$H$161,D14) -> 27
A17: Owner | B17: Pipeline Value | C17: Target (Jan-Aug)
A18: Sofia | B18: =SUMIF(MASTER_DATA!$J$2:$J$161,A18,MASTER_DATA!$L$2:$L$161) -> 94656 | C18: =SUMIF(TARGETS!$B$2:$B$33,A18,TARGETS!$C$2:$C$33) -> 127600
A19: Daniel | B19: =SUMIF(MASTER_DATA!$J$2:$J$161,A19,MASTER_DATA!$L$2:$L$161) -> 91136 | C19: =SUMIF(TARGETS!$B$2:$B$33,A19,TARGETS!$C$2:$C$33) -> 124600
A20: Marta | B20: =SUMIF(MASTER_DATA!$J$2:$J$161,A20,MASTER_DATA!$L$2:$L$161) -> 91136 | C20: =SUMIF(TARGETS!$B$2:$B$33,A20,TARGETS!$C$2:$C$33) -> 127600
A21: Alex | B21: =SUMIF(MASTER_DATA!$J$2:$J$161,A21,MASTER_DATA!$L$2:$L$161) -> 91136 | C21: =SUMIF(TARGETS!$B$2:$B$33,A21,TARGETS!$C$2:$C$33) -> 123600

Sheet CASO_02_ES
A1: CASO 02 — Consolidación de Datos y Reporting
A3: TIPO | B3: Proyecto de muestra con datos sintéticos
A4: PROBLEMA | B4: La información comercial estaba distribuida en cuatro fuentes: clientes, leads, actividades y objetivos mensuales.
A5: OBJETIVO | B5: Consolidar las fuentes en una base maestra y convertirlas en un reporte de gestión con KPIs y visualizaciones.
A6: PROCESO | B6: Relacioné las fuentes mediante identificadores, incorporé datos de clientes con búsquedas, resumí actividad comercial, organicé fechas y construí métricas de desempeño.
A7: RESULTADO | B7: Una base MASTER_DATA consolidada y un dashboard que permite analizar pipeline, conversión, fuentes, servicios, actividad y desempeño frente a objetivos.
A8: HERRAMIENTAS | B8: Excel / Google Sheets · VLOOKUP/BUSCARV · COUNTIF/CONTAR.SI · SUMIF/SUMAR.SI · manejo de fechas · tablas · gráficos
A9: EVIDENCIA | B9: Las hojas CLIENTS, LEADS, ACTIVITIES y TARGETS representan los archivos de origen; MASTER_DATA es la consolidación; REPORT es el entregable visual.
